id,version_group,patch_hotfix,patch_name,patch_wiki_reference,Binaries/Win32/Paladins.exe,Binaries/Win64/Paladins.exe,ChaosGame/CookedPCConsole/GlobalPersistentCookerData.upk,ChaosGame/CookedPCConsole/GuidCache.upk,ChaosGame/CookedPCConsole/TgClient.upk,ChaosGame/CookedPCConsole/assembly.dat
1636466609404285784,0.33,False,Fierce Competition,Paladins_Closed_Beta_Version_0.33.1266.1,b94989abd16928d38f108d34e35d8bd90792b048,,45ccb0851945d0828ab7afe3afc2e0322f5cb96b,3a905870655b3e30ec84ce47da549bd3a9c80855,f75a7a472d068d054eb3c3e188f92ace7e101150,421e8351325c083c39db81a70a9adf1e87ae9fb3
249962017698026567,0.33,True,0.33 Hotfix 1,Paladins_Closed_Beta_Version_0.33.1269,e710c3fdc3f467f28731845300bf8a1884b5920d,,8c6712c0ddfa31918fd72e98279017f373f47b38,7f726c72421777689cea2e24d1db3971760d6942,f75a7a472d068d054eb3c3e188f92ace7e101150,e94b249944ef57dbf2163a92eed7452c4c1458e5
3909437424697487613,0.33,True,0.33 Hotfix 2,Paladins_Closed_Beta_Version_0.33.1269.1,eb7d94b17562bc042898634c03714720aadc17c6,,8c6712c0ddfa31918fd72e98279017f373f47b38,7f726c72421777689cea2e24d1db3971760d6942,f75a7a472d068d054eb3c3e188f92ace7e101150,d1913ab33e321b6b12f82f23917f23eb9fe11bc4
2720231378619794203,0.33,True,0.33 Hotfix 8,Paladins_Beta_Version_0.33.1275.3,6f72f153b97e009e484d0b43705a2faaf23e5866,,8c6712c0ddfa31918fd72e98279017f373f47b38,7f726c72421777689cea2e24d1db3971760d6942,f75a7a472d068d054eb3c3e188f92ace7e101150,d1913ab33e321b6b12f82f23917f23eb9fe11bc4
7197949561537914963,0.33,True,0.33 Hotfix 9,Paladins_Beta_Version_0.33.1275.4,67c60cd522a832cdd5af5ccf1b9c2ba2457c6b5f,,8c6712c0ddfa31918fd72e98279017f373f47b38,7f726c72421777689cea2e24d1db3971760d6942,f75a7a472d068d054eb3c3e188f92ace7e101150,d1913ab33e321b6b12f82f23917f23eb9fe11bc4
2977930641206325746,0.34,False,Troublemaker,Paladins_Beta_Version_0.34.1310.4,1b7c04f86d51b078f262c85f402fc23d6eb42b02,,c04e1a0e7f6b0b4f999f333ad98d444cc63ad1fb,889e24496b76c2bcff07a64e591374a5dcdb2157,3869e46ad6186b82ef2d87ec31d6d41b327c4dca,1faf5d7e56b118c132bdb40488e769654c4d826c
1865296233877644400,0.34,True,0.34 Hotfix 1,Paladins_Beta_Version_0.34.1311,e26e4027b52eb244775f22f2b639f55cb31a22fd,,d95550f6f930ab43c5dd1b0308dab6ae1c0aa0fc,73034d58ecb2cf25b8ec6509204e9b53a3472002,3869e46ad6186b82ef2d87ec31d6d41b327c4dca,7dc10a3c97ab8459f22439ed7a1c3e2e8c1db44c
1191425859707082808,0.34,True,0.34 Hotfix 3,Paladins_Beta_Version_0.34.1311.2,f08614694f6b3511c41de5e2df99c90fc100561e,,d95550f6f930ab43c5dd1b0308dab6ae1c0aa0fc,73034d58ecb2cf25b8ec6509204e9b53a3472002,3869e46ad6186b82ef2d87ec31d6d41b327c4dca,7dc10a3c97ab8459f22439ed7a1c3e2e8c1db44c
9023011845625660864,0.35,False,Feast of the Serpent,Paladins_Beta_Version_0.35.1340,001f12639da57eb31352e2f44eb2f520381777ca,,3c6927350d6e6b2b7ca526222ee38fc9cfb2b388,9d7784f117d9530b4fdf0775dc5f2e01e8e10724,b8698788bb06768d7da3bb0f2f616939b8e35c73,9a757ccdafe86aa898ed57c99f9a211faf5c8a3b
4636928640310265278,0.35,True,0.35 Hotfix 1,Paladins_Beta_Version_0.35.1340.2,c969fa0dca50e3a3a3ada390b558d4bb060544fa,,3c6927350d6e6b2b7ca526222ee38fc9cfb2b388,9d7784f117d9530b4fdf0775dc5f2e01e8e10724,b8698788bb06768d7da3bb0f2f616939b8e35c73,b028e85aa76bb2f9f3f9ff3f034cbd36811fd210
544873948036045934,0.35,True,0.35 Hotfix 2,Paladins_Beta_Version_0.35.1340.5,1b7f0fb153c91e2f12ab6cfda8a2eb128a99265a,,3c6927350d6e6b2b7ca526222ee38fc9cfb2b388,9d7784f117d9530b4fdf0775dc5f2e01e8e10724,b8698788bb06768d7da3bb0f2f616939b8e35c73,2995a2b21b8d50c67053cc1c2110401492f3d664
8097346015081473043,0.35,True,0.35 Hotfix 3,Paladins_Beta_Version_0.35.1340.8,bfbdaa32f346c50d5e62d859d78ce30919296abf,,3c6927350d6e6b2b7ca526222ee38fc9cfb2b388,9d7784f117d9530b4fdf0775dc5f2e01e8e10724,b8698788bb06768d7da3bb0f2f616939b8e35c73,2995a2b21b8d50c67053cc1c2110401492f3d664
191597437373963644,0.36,False,The Pumpkin Patch,Paladins_Beta_Version_0.36.1374,e16adefc0491bf7d0a6803ed922b6b93db9b6a74,,ffa6ac82f40b5282dc49f6b1a1e0f8e877b7a65b,de76a1513131ebaba017cdf451a1b0f36cd6c6ab,7573c401259a1c1ad5a624fe088e8d1207ee54ad,b2e407671402695af29d61205d9c8e5a4001a0be
3659761974222192640,0.36,True,0.36 Hotfix 1,Paladins_Beta_Version_0.36.1375.3,93b571e0ab312640cb218a1a4c4ab2e37d06eb15,,0a5084e771fa37d3f96bdee3cf0cae2402b9fc95,704f91bc2593bc10d3dc3186a5410b3c08176af0,7c82dc4f9a625ed86cc6a705fa69d901d927b630,16cad9da6cbf46e42220439462e30aa31320d794
1180335844094554799,0.36,True,0.36 Hotfix 4,Paladins_Beta_Version_0.36.1375.5,c2b7ce66904c2f1bc638442046622cb7d9f1f05c,,0a5084e771fa37d3f96bdee3cf0cae2402b9fc95,704f91bc2593bc10d3dc3186a5410b3c08176af0,7c82dc4f9a625ed86cc6a705fa69d901d927b630,16cad9da6cbf46e42220439462e30aa31320d794
6947653000118184432,0.37,False,The Desert Wind,Paladins_Beta_Version_0.37.1400,41a7822b690c6ec275e16775f85608dcd8dd35a9,,f3817b97da590d324aa29a103d4ff9388d56a9f0,77ce958327e8f01d67de6b7efe00c60d052460ca,59c711a9667d53b605b3c8f2ab6f0e1b6ef8bd7c,be3f2ed9442a6a9d6858e4ab40d49b14c1412b6f
8554715304751685511,0.37,True,0.37 Hotfix 1,Paladins_Beta_Version_0.37.1400.1,9de4bb4a8a93b5e14a1b893b10fed1a105d3202f,,f3817b97da590d324aa29a103d4ff9388d56a9f0,77ce958327e8f01d67de6b7efe00c60d052460ca,59c711a9667d53b605b3c8f2ab6f0e1b6ef8bd7c,be3f2ed9442a6a9d6858e4ab40d49b14c1412b6f
37618342576218523,0.37,True,0.37 Hotfix 2,Paladins_Beta_Version_0.37.1400.5,5e18a34ab34665b5ee705cdf1e966b88c7fac131,,f3817b97da590d324aa29a103d4ff9388d56a9f0,77ce958327e8f01d67de6b7efe00c60d052460ca,59c711a9667d53b605b3c8f2ab6f0e1b6ef8bd7c,be3f2ed9442a6a9d6858e4ab40d49b14c1412b6f
6339334034048739983,0.37,True,0.37 Hotfix 2,Paladins_Beta_Version_0.37.1400.5,5b47e730418e4f8ce0dbacabcfc0616e6b57c02f,,8f4a9355d32a8033e9568fe4235117d5b1c7572f,04a0d83658d474b7dea6f3454e0bfc63ccf14465,b2eb4341bee37c46a9e9564e904eac11698627dc,8b3e2fe782074a150c0375626fab0414456a5b65
5491482634554895983,0.38,False,Reach for the Stars,Paladins_Beta_Version_0.38.1420,8ea8e9be7b3a89897297bed2281402838d85c864,,8f4a9355d32a8033e9568fe4235117d5b1c7572f,04a0d83658d474b7dea6f3454e0bfc63ccf14465,b2eb4341bee37c46a9e9564e904eac11698627dc,8b3e2fe782074a150c0375626fab0414456a5b65
8899493028304660858,0.38,True,0.38 Hotfix 2,Paladins_Beta_Version_0.38.1421.1,47b3bae3da0d8375c9a43fd119e7479a0f68fc55,,e47a405f8571fa21bce05aa98edc6e08e72108e0,35f280597ce038a936a4ef0eb4ec81c03edb81d3,b2eb4341bee37c46a9e9564e904eac11698627dc,a54ddbdf04c8a58823ebc6dd8ff8b56a17a127e4
7843912709491140382,0.38,True,0.38 Hotfix 3,Paladins_Beta_Version_0.38.1421.3,55cb6d3f5e46800039f5412de9501ce891c7d86c,,e47a405f8571fa21bce05aa98edc6e08e72108e0,35f280597ce038a936a4ef0eb4ec81c03edb81d3,b2eb4341bee37c46a9e9564e904eac11698627dc,a54ddbdf04c8a58823ebc6dd8ff8b56a17a127e4
96200150572265539,0.39,False,Merry Maker,Paladins_Beta_Version_0.39.1450.2,a44732dc3c0b26d42cd1b5ef688d517dd26a54c9,,3670df34281ef2ddb9b2d6e064734a32fef30265,ab5e651dfe07a1f68d2d56a0147a9cbb0cbd0979,7a4f1bbdd06d6c61ce17fd372998412dd380bf0b,334eaa0aad210712e94456a34928cbfce64a6fda
3223649379085754971,0.39,True,0.39 Hotfix 1,Paladins_Beta_Version_0.39.1450.4,00917a50dd697058b235bc3538854bde390db2b3,,3670df34281ef2ddb9b2d6e064734a32fef30265,ab5e651dfe07a1f68d2d56a0147a9cbb0cbd0979,7a4f1bbdd06d6c61ce17fd372998412dd380bf0b,334eaa0aad210712e94456a34928cbfce64a6fda
300831862270525320,0.39,True,0.39 Hotfix 2,Paladins_Beta_Version_0.39.1451.1,2092a22b40b426e790f4d4a5c35670607deebf57,,42bc78fef7b02ff8ea9c4abcc930562d97b15e92,be8e0adf6606d9af646457849934e0ce4afcdbba,7a4f1bbdd06d6c61ce17fd372998412dd380bf0b,0e559a570ebfcaedcd53906f539e6078c8a6d433
2018777761324781120,0.40,False,The Untamed,Paladins_Beta_Version_0.40.1478.3,53c98b8b8ceda8b00e5ad6d9f77ba1cd30aafef4,,fd53c5fa11110fefe0c47b3f7d9f8f88a414901a,20a0e49b3df339cc471390a8c074f7268e7c6faa,7fc3d12591ced0a9a9ef85ae4c68bf77809ec798,78ee413f0ce6aa9f620a87ce35342cfe1c0cf5cd
6637402478486327397,0.41,False,Storm the Keep,Paladins_Beta_Version_0.41.1526.1,5022317e768dacdaedd1692f342455c9ae1334fb,,fd53c5fa11110fefe0c47b3f7d9f8f88a414901a,20a0e49b3df339cc471390a8c074f7268e7c6faa,7fc3d12591ced0a9a9ef85ae4c68bf77809ec798,78ee413f0ce6aa9f620a87ce35342cfe1c0cf5cd
7587220377704845310,0.41,False,Storm the Keep,Paladins_Beta_Version_0.41.1526.1,571f635b4ab338b9a8ca66397ecec3502afa717e,,34e89df831c79484505b181110d42018810c9a79,ccecf25d5619750154017b8ec8e196c63aca764f,a7b48efa0602a78e243ad28ef5e62e0fe2305d3c,5d46ed827741baf677cdb17e53bde14957a5f5ad
2318305720603123901,0.41,True,0.41 Hotfix 1,Paladins_Beta_Version_0.41.1527,c823639165073ffdfca85f7046aa6b76700b16df,,7540267a060488d0bafe1d372b44fb5337e06fcd,309df306cdbf8e24b730a234d971327a8d31cab2,2a8c97448945ce4232a7b532dc3c882d6bf428a9,3f44778e7d3ad997bb10af9587e6e1955127b3e6
1650124896888100491,0.42,False,The Keeper of Knowledge,Paladins_Beta_Version_0.42.1551,64fefccbc0936b334016f95cca6f6ef885889a04,,9ba16220577b0e1bff85e0d11ae526f3fcc343a9,7434994367c242731048b5d37e47e0355df6a912,f35cfcaff95917f1e680bc415e8a66b3ddb2e291,d60d416ab4ce825c799dff0286465f4725e2be0d
6121346863286122644,0.42,True,0.42 Hotfix 1,Paladins_Beta_Version_0.42.1551.2,5fe78377af19316e08dd8c60090d5c7e913c7900,,9ba16220577b0e1bff85e0d11ae526f3fcc343a9,7434994367c242731048b5d37e47e0355df6a912,f35cfcaff95917f1e680bc415e8a66b3ddb2e291,d60d416ab4ce825c799dff0286465f4725e2be0d
6366521348771695142,0.42,True,0.42 Hotfix 2,Paladins_Beta_Version_0.42.1552,de1040b0d0e4d764bc844671fae031174ef9eeb9,,ed45503e41842a2993c06bdc7ed7ccf1ef3bd729,cfc978e29a57e1bb18b3342c8e1e5f78a665b804,f35cfcaff95917f1e680bc415e8a66b3ddb2e291,56842c36d8232c727bb2bfbd63800db701afd5db
3939906452752097713,0.43,False,Nightfall,Paladins_Beta_Version_0.43.1585,ddaf8ac5e3a4e7c01b9c133c9ffb4f7db34ddd81,,79663b3d9bb7dc326ed41b5d2d23ec2febf50848,c083bfbcbbfe64ca391cb45e09e212e6231b567f,ef1fc17d4fd5a140a41c2bc5e6e8742ff37badaf,a13bfa8bb5173ba9e570d6d10332f2eddc5fba4f
420401228801764749,0.43,True,0.43 Hotfix 1,Paladins_Beta_Version_0.43.1586.1,836b448e99035cefcda302e5d7d3c711a655047c,,8dc2e3c701744f039d43d5254a599bc856d976d9,688131ca93c3a1d82ecfc1ffcf35f4ba612eda6c,ae9b7adf907e49be0dbc066237a0fb33230889ec,705884a1118dc84aa23e49778d70582bfe7b0ea4
6803950258968492612,0.44,False,Legends of the Realm,Paladins_Beta_Version_0.44.1634,0b189a11dd66ece9a9a19e42c264ac6ba7afc7b3,,0ccb85a90ba0a60b59ab47fc7ea64e703c7f0dae,8feb2fce668451f554299b0727cba2abd3a1976f,088dd16e2a1c2912c443d464cb4086036ab93487,a8cf496acc1a196b5149da7b72415f8bc5096b45
240245378420188828,0.44,True,0.44 Hotfix 1,Paladins_Beta_Version_0.44.1636,0505ff0cf848cb603e53c361d6f325d2361f7241,,221177ab9fc1cf3ee7b5b3e5811df31020b6ccbe,c6d5cef47c723ad7b638344b9e381cd32d83b849,7ebbe5a72c1e9767f8ebae7079ce8b0642c1182d,261349b3225c9e1bbdc4b6adee3676771b5ca050
8717298947295291557,0.45,False,The Stone Warden,Paladins_Beta_Version_0.45.1674.2,8e69b013276cd7888f40c03e19a85f5f79b6f31b,,2f4362a9ecb63b3125aa24682dbc08261c4450b1,e885a5d89d5b66d76fddf4409e169c1d66ca8702,3d2c63c8da2b7ba72bd02bc32fbf9a2e9464a46f,2aa69f7249ed6ef6aed65156eb697a58956ccbd5
1413381586005187765,0.45,False,The Stone Warden,Paladins_Beta_Version_0.45.1674.2,dbdedb028a3d40f20b51edf59c8b5f069284fb07,,e5ff2899d8391007a5b5202c2699659c13a148bf,96383b9d4f8b6a580fbf22a430486021a3e7670a,5e4d598d13b4354ffd193488057df88f07354883,c8ea125cd5375379b9d6b65faf2e1fdc121c18be
6369647644210802299,0.46,False,The Hand of Justice,Paladins_Beta_Version_0.46.1707,4288c2013bb34c2c774d08660cbcdf40e078c61f,,445ae2c273cca974615653f0335fdfd4acba333a,bdd551ac59d98f9b59ae49e933be9029e52a09bc,3d2c63c8da2b7ba72bd02bc32fbf9a2e9464a46f,752523ed069c5c07f20b59c524a4bd188f702d90
335297040187070488,0.46,False,The Hand of Justice,Paladins_Beta_Version_0.46.1707,f0f3ec5e35d999ea45627006b5b6dabe4883e5ae,,a1a1ef4a38687accd4dbe3ad7284fdea2ea5f7d7,08c371211c8d7566c06f59ba9ae64a6a7e73b893,60ccc72786e81143c141fbb69309fc4320a6ac41,e156607a06f18715af29da70496f99ddc84eee70
2572069752773849326,0.46,True,0.46 Hotfix 1,Paladins_Beta_Version_0.46.1707.2,ab1d22016a7ceb5d1e85c2793871525e5d8a9f19,,a1a1ef4a38687accd4dbe3ad7284fdea2ea5f7d7,08c371211c8d7566c06f59ba9ae64a6a7e73b893,60ccc72786e81143c141fbb69309fc4320a6ac41,e156607a06f18715af29da70496f99ddc84eee70
9024379833061078606,0.47,False,Volcanic Eruption,Paladins_Beta_Version_0.47.1740,21379a7069f523f716cb5507d4708dae32d9cc76,,6184b6de0730fd883f3394fd2db9398edc5990cc,064f624d348cbc52d3d03ad3158271b4fd02e0ab,726da649e623c251617e7bc94773255207fab5a8,e0b920d8c2f85be9132ef8527c285c2c7e765fff
5216213862414125351,0.48,False,Souls and Shadows,Paladins_Beta_Version_0.48.1768.1,44cda9d01067f17f143d307aa5e2a12fd769d490,,71d16b6023c05b1f87aa1765660e08e245bd0590,518f5a6997eee24cb7061f60695d5920fb8410b1,106890d67e8d29036ebf782d12b29fa2cfa71071,076b0f8bda77ac55f4c6114aa85626b0c97b89cb
2176975843696477977,0.48,True,0.48 Hotfix 1,Paladins_Beta_Version_0.48.1769,89b78b9b032d0cc34b79f262055e42adb7368aa3,,9b7b19da603c48cc8cff539365a1dfff44c0f3aa,3d1bd76036487076aee974fbc7e3c28ee3b7ba34,106890d67e8d29036ebf782d12b29fa2cfa71071,ad01d69fb5ee784b131d309a5601fc38c0652534
126223489800229026,0.49,False,Forestâ€™s Call,Paladins_Beta_Version_0.49.1796.2,50cc046e8113805ee88cb22eb2cfea3accd433b2,,7b2526323a11387dd0e07ea34272e5fccd7b9d58,c7a7bb19e677bbd60337d9762549f9f70d1ef590,01f0d337dfeafac862136a90c26724a7798db43d,38cbbcb98bc4a457c16c28d75cd9f1d6b668ad12
1697373541284992682,0.49,True,0.49 Hotfix 1,Paladins_Beta_Version_0.49.1796.3,1999c8166128647be5e0570e3403b71f27c883bb,,7b2526323a11387dd0e07ea34272e5fccd7b9d58,c7a7bb19e677bbd60337d9762549f9f70d1ef590,01f0d337dfeafac862136a90c26724a7798db43d,38cbbcb98bc4a457c16c28d75cd9f1d6b668ad12
1405545543712264787,0.50,False,Get Rekt,Paladins_Beta_Version_0.50.1832,90810f0a4514e27b8c37dbcab69494f913e16263,,7b2526323a11387dd0e07ea34272e5fccd7b9d58,c7a7bb19e677bbd60337d9762549f9f70d1ef590,01f0d337dfeafac862136a90c26724a7798db43d,38cbbcb98bc4a457c16c28d75cd9f1d6b668ad12
1764079219471866998,0.50,False,Get Rekt,Paladins_Beta_Version_0.50.1832,3c2f8275bdc64e07a9a8fe25abb3b1d20e514144,,f8d1cd66097aa87138bf77168fab3e02a989352e,58b50391737cd1cb65e8aea335db8488cdf1e062,0643a378a112d2e868f37e1130e3913f831c187b,32d1ebf0ee3f3c23d6fefa52cadca966aab6ee7d
8054180432344782424,0.50,True,0.50 Hotfix 1,Paladins_Beta_Version_0.50.1832.2,5192f1458601d7f5edeb45a0379176b198ced86b,,f8d1cd66097aa87138bf77168fab3e02a989352e,58b50391737cd1cb65e8aea335db8488cdf1e062,0643a378a112d2e868f37e1130e3913f831c187b,32d1ebf0ee3f3c23d6fefa52cadca966aab6ee7d
6657755905638799015,0.50,True,0.50 Hotfix 2,Paladins_Beta_Version_0.50.1832.3,608658e9aaa447356fc8a251ee7903e46d8a9941,,f8d1cd66097aa87138bf77168fab3e02a989352e,58b50391737cd1cb65e8aea335db8488cdf1e062,0643a378a112d2e868f37e1130e3913f831c187b,32d1ebf0ee3f3c23d6fefa52cadca966aab6ee7d
3335885221486729182,0.51,False,To War!,Paladins_Beta_Version_0.51.1872,1f62dd3dfc96ce341cd28a02b8e603be7fbabdcb,,698203ecba2a3cbc71e03264cdae30b29c530484,af9fc2b2b59c58ee8d5264be841273e71390e0c1,7e8f55d5b775db8ab353aefcbdb6832c9ffca951,a33d1f76588f8f8af2e89ae0d01ec1064f6c2775
835177727206226079,0.51,True,0.51 Hotfix 1,Paladins_Beta_Version_0.51.1872.2,4f6edbf2f470c5e21bba819a6a3fa433eccfc0b4,,698203ecba2a3cbc71e03264cdae30b29c530484,af9fc2b2b59c58ee8d5264be841273e71390e0c1,7e8f55d5b775db8ab353aefcbdb6832c9ffca951,a33d1f76588f8f8af2e89ae0d01ec1064f6c2775
1856889512422060903,0.51,True,0.51 Hotfix 2,Paladins_Beta_Version_0.51.1872.5,ec517415de9eacc32d4f517efa5338150b5de689,,698203ecba2a3cbc71e03264cdae30b29c530484,af9fc2b2b59c58ee8d5264be841273e71390e0c1,7e8f55d5b775db8ab353aefcbdb6832c9ffca951,57a5086c9d6bef9c6f2779fd9567b134b77bb6c2
2368643873493860773,0.51,True,0.51 Hotfix 3,Paladins_Beta_Version_0.51.1874,6818bfd44ae6f4bb27bcf30b9c4648d1eaa9c8f9,,75ae487205b2d4ec7cbcb857d242b4b0467c23c6,fe3e078620e91cc6d4bc5597a672dcd97ce744e8,7e8f55d5b775db8ab353aefcbdb6832c9ffca951,8c6bd7b3a0d895372cb27c8996e7bfeedc220584
2877499077273548033,0.52,False,Tyrant's Onslaught,Paladins_Beta_Version_0.52.1903,0332f2d1f44110bca6ce072b20398749165b001c,,550bded1d932b56d60b8d051a5bd986d712c7399,079277f59e6b9487237d2935f854d9c68bac7164,40cb06762985f7dbda61a5ef09db153ee9f1c7cc,300c95cc622821f80064bbef2d8f1f163d76dece
5132499775662691570,0.52,True,0.52 Hotfix 1,Paladins_Beta_Version_0.52.1903.1,0332f2d1f44110bca6ce072b20398749165b001c,,550bded1d932b56d60b8d051a5bd986d712c7399,079277f59e6b9487237d2935f854d9c68bac7164,40cb06762985f7dbda61a5ef09db153ee9f1c7cc,300c95cc622821f80064bbef2d8f1f163d76dece
6423700954996816799,0.52,True,0.52 Hotfix 2,Paladins_Beta_Version_0.52.1907,6f8440694378f9722c22e0c1ffe8f775c20b8ac1,,550bded1d932b56d60b8d051a5bd986d712c7399,079277f59e6b9487237d2935f854d9c68bac7164,40cb06762985f7dbda61a5ef09db153ee9f1c7cc,300c95cc622821f80064bbef2d8f1f163d76dece
698951256254392104,0.52,True,0.52 Hotfix 2,Paladins_Beta_Version_0.52.1907,a03b7c1893e3f3b5a6b28f4f8ed83d17f4d9e17a,,4a4db68df17547121eab3eca3dbd1ec5f01461be,a6c4fbb9720380884ea7a228a32c8c7a71882bef,20478c2fd73a31dafd20ee460ec9c11a62adfb31,ccb13ba43f068768139d41eadea177dd7238cc5e
8877860759068288181,0.53,False,Sunsational!,Paladins_Beta_Version_0.53.1938,aa42c1b417b318fb3818ba737c5b7032f058a450,,2cb15b03eb6948bac34f41fa7e8d2f8136ad55f0,fc73b04cd01a8fe61333f12859747f83b5f0af10,e96a66da8f4d3479ab5133ef77da06ba7deefd23,51f821aafb42bdb5c6d578335ec7a34bd0a4cb85
7226751078680314946,0.53,True,0.53 Hotfix 1,Paladins_Beta_Version_0.53.1938.4,1827e95426939dc91ffb26aed3ea75981f8b3529,,2cb15b03eb6948bac34f41fa7e8d2f8136ad55f0,fc73b04cd01a8fe61333f12859747f83b5f0af10,e96a66da8f4d3479ab5133ef77da06ba7deefd23,aa467341ec82362fef91071de825498ac4044678
9185155948179956233,0.54,False,Ice and Gunfire,Paladins_Beta_Version_0.54.1958.1,e47167a224bf667ff23251362b233d3f30b53fe6,,2cb15b03eb6948bac34f41fa7e8d2f8136ad55f0,fc73b04cd01a8fe61333f12859747f83b5f0af10,e96a66da8f4d3479ab5133ef77da06ba7deefd23,aa467341ec82362fef91071de825498ac4044678
5092606242774099864,0.54,False,Ice and Gunfire,Paladins_Beta_Version_0.54.1958.1,786f4ae113a0aba0a98d94bb75900e7fcbebb659,,6ff9de58ee91e4dd39e8c380dc1561c2072b58f3,c44559649106124fbb149a12470357b5fd8d2336,dc6f0cd3eabe9f13cd66b63b45d8690aecaa6286,9655f8201587140d9e54df43e94a371536e66305
8925714929199868600,0.54,True,0.54 Hotfix 1,Paladins_Beta_Version_0.54.1958.4,7bfd17cd5ec2896b65629bb4ac6fb2f747d09c8b,,6ff9de58ee91e4dd39e8c380dc1561c2072b58f3,c44559649106124fbb149a12470357b5fd8d2336,dc6f0cd3eabe9f13cd66b63b45d8690aecaa6286,0a901a9e38d90bb23d0b6570595a7a1d0b91d65c
8308913668849176843,0.54,True,0.54 Hotfix 2,Paladins_Beta_Version_0.54.1959,ed6094b229e51d745e2e012545820cb069e99f40,,0a3374ceb0aeca4d23006a8083fd1900088a3d23,d3ce27450472f714dc07ee0d3f990539d118790f,6fad18f2ed38487c7d2878ed3a4c453308dbfd63,e471cd4f17a8ea8041fdac151a734135aa194f30
5380007203843497112,0.54,True,0.54 Hotfix 3,Paladins_Beta_Version_0.54.1959.2,d3e70c031e400b401479c172fe07c58a2ce93c66,,0a3374ceb0aeca4d23006a8083fd1900088a3d23,d3ce27450472f714dc07ee0d3f990539d118790f,6fad18f2ed38487c7d2878ed3a4c453308dbfd63,e471cd4f17a8ea8041fdac151a734135aa194f30
8712224638132386068,0.54,True,0.54 Hotfix 4,Paladins_Beta_Version_0.54.1960.3,a8b72a47a717eb1e245d900f2c24fc0462d9cfb8,,fa7d4960b3c4ddf0892837e71bbb27aa49087fc2,014c1edc25f71a5fde311ca012abe8ba83f841bd,78eb68cd2e6d504db0554c3de7b1eafbbe9bd8b9,2f75eddf89bc923db76d38132cbc1e66532cf2e7
4153872641543889050,0.55,False,Celestial Uprising,Paladins_Beta_Version_0.55.1992.3,4a54bebd10d3f94134a040c80c627dc28968414b,,11810dec34b5b70c59fcda57eaa79be12c611d44,5aee63a5e87487c795b15a860f9466b5866a62ce,d28e2e20f7c26b8df0f4e01f8b53cc204c933b14,3ccbd6f4dbf44042a86009f7c8fb5aba87ad7102
3123759559563700177,0.55,True,0.55 Hotfix 1,Paladins_Beta_Version_0.55.1993.1,1038d5e80442c40ea09dc780894357b25771037b,,a2e4d7712f1989169ac6daab332a99549a1c21b6,317d016f21d1eeaff78f30bc64e2bf7356d6102d,ab1bcfbda3f630484aa9626dd239d0bf28de73db,3e841feebac9648509fd6b883c3310a31bb978d1
765617639921829238,0.55,True,0.55 Hotfix 2,Paladins_Beta_Version_0.55.1993.4,e812cd1681a09eabda26067a7a7f8b93ae7c1315,,a2e4d7712f1989169ac6daab332a99549a1c21b6,317d016f21d1eeaff78f30bc64e2bf7356d6102d,ab1bcfbda3f630484aa9626dd239d0bf28de73db,41bc5a9477d88e588761d127712e4f768c9134c3
1590498327881940970,0.55,True,0.55 Hotfix 3,Paladins_Beta_Version_0.55.1993.6,298b1bc696724bb3745956ddde0db785cf92cae2,,a2e4d7712f1989169ac6daab332a99549a1c21b6,317d016f21d1eeaff78f30bc64e2bf7356d6102d,ab1bcfbda3f630484aa9626dd239d0bf28de73db,41bc5a9477d88e588761d127712e4f768c9134c3
6857705395442468638,0.55,True,0.55 Hotfix 4,Paladins_Beta_Version_0.55.1993.7,7f0b39614cfd3a9468156824fdac96d959e19e82,,a2e4d7712f1989169ac6daab332a99549a1c21b6,317d016f21d1eeaff78f30bc64e2bf7356d6102d,ab1bcfbda3f630484aa9626dd239d0bf28de73db,41bc5a9477d88e588761d127712e4f768c9134c3
8454003624547393036,0.56,False,Way of the Warrior,Paladins_Beta_Version_0.56.2014,2f0a429bdada272a0556044c6fd113101eb5066a,,a2e4d7712f1989169ac6daab332a99549a1c21b6,317d016f21d1eeaff78f30bc64e2bf7356d6102d,ab1bcfbda3f630484aa9626dd239d0bf28de73db,41bc5a9477d88e588761d127712e4f768c9134c3
2272493102013295238,0.56,False,Way of the Warrior,Paladins_Beta_Version_0.56.2014,5b6967461b1b88ba13bc0a917d07ab8ad80234af,,886d3437cf730873fe10e75f40f76d715a851798,cb81231e7a59a3bdb821755c380e19121799d7f6,8dbef0cce84288aab2871174b5306569b66ac945,bd27db5866fe80b811ec55da208240072e676dbe
2945654154650476857,0.56,True,0.56 Hotfix 1,Paladins_Beta_Version_0.56.2014.5,61c6269e225b8dec3e6bba0d7f844cb3d92ba9ca,,886d3437cf730873fe10e75f40f76d715a851798,cb81231e7a59a3bdb821755c380e19121799d7f6,8dbef0cce84288aab2871174b5306569b66ac945,556b5015f1dccfa745edf859f1b963d77e5ba05d
1405643065449395952,0.57,False,Bird of Prey,Paladins_Beta_Version_0.57.2045,8e04bf12ceea663fa515a5d687e0435d4ce09f1c,,c432917d13be5ed1bc52cb023027dce924412529,b833ec2a198cd98c659d0bde02d9575915ed47a5,eb2db9ef182297f680af026462a445d4c11a1478,d70bc9f582ba636b97efdef2011513ddd12cc877
6424975709883037129,0.57,True,0.57 Hotfix 1,Paladins_Beta_Version_0.57.2045.4,52fd2d253c2bba837a740bf134500b415ac139f4,,c432917d13be5ed1bc52cb023027dce924412529,b833ec2a198cd98c659d0bde02d9575915ed47a5,eb2db9ef182297f680af026462a445d4c11a1478,35e9b306d97c25a597fe25b7f4f9422e61336457
4775568787641899396,0.57,True,0.57 Hotfix 2,Paladins_Beta_Version_0.57.2045.6,8e6f6c0a209a015fa2274b1021a5991ad9752566,,c432917d13be5ed1bc52cb023027dce924412529,b833ec2a198cd98c659d0bde02d9575915ed47a5,eb2db9ef182297f680af026462a445d4c11a1478,4266fc50f2ce550a252bc0e10cb6c68440872c7b
6756736391246917580,0.58,False,Beats Purr Minute :3,Paladins_Beta_Version_0.58.2083,4f1784afc5d3dbd6e883ab390edea79cab37f63c,cebb0c466b37083cba8d1577ea1bbaae2bb7ffc8,cd07f42e14e75f59273f94fe2d55330f6fc69d23,4d9e3acff71f985dca6a9bd2bc5bde406f9134ea,bd8ef5add7b39d77c63d412f0a1ce287f81fae0a,a4d88b62b05fbf2783f88088b64902cf7e3e9283
7715295821535727629,0.58,True,0.58 Hotfix 1,Paladins_Beta_Version_0.58.2083.1,1862990329565e24478d13baeea0ca87d4f85634,1ab128d641eb08768cf201af03012a2c6f635f77,cd07f42e14e75f59273f94fe2d55330f6fc69d23,4d9e3acff71f985dca6a9bd2bc5bde406f9134ea,bd8ef5add7b39d77c63d412f0a1ce287f81fae0a,a4d88b62b05fbf2783f88088b64902cf7e3e9283
4883141244186222395,0.58,True,0.58 Hotfix 2,Paladins_Beta_Version_0.58.2083.6,666d7a23ae6371a47f111912e6fe4a8644fecffa,80926a4a81aaca6417b1e13a5bc81518a5963f26,cd07f42e14e75f59273f94fe2d55330f6fc69d23,4d9e3acff71f985dca6a9bd2bc5bde406f9134ea,bd8ef5add7b39d77c63d412f0a1ce287f81fae0a,a4d88b62b05fbf2783f88088b64902cf7e3e9283
6220071272169136079,0.58,True,0.58 Hotfix 3,Paladins_Beta_Version_0.58.2083.8,951716e7c03089039625c3579c4aa2fa8f300bbf,7c96afa4301860897ee5dbbf2d3c3d7e1e26d269,cd07f42e14e75f59273f94fe2d55330f6fc69d23,4d9e3acff71f985dca6a9bd2bc5bde406f9134ea,bd8ef5add7b39d77c63d412f0a1ce287f81fae0a,1cdbe81cc44ea74acf858c13680d106aea973594
1868388833269402005,0.59,False,Plunder Ahoy!,Paladins_Beta_Version_0.59.2111.2,189c51b8b4c55efa21c92847e57841c5d45ac518,b86da3e3b069ef44bbc9c7347e10ec20db47746e,9c396cd7c69b199f0f7374058362bce0bfb73664,68a7b065ff90f3ee708fc766f3c05ea222065dcc,3b807bc1acd4623540972d63dd7aefee783dae18,31bed98b7bad03e890a0c58b87b017b1f50542d1
6793292743874228834,0.60,False,All Hallows Evie,Paladins_Beta_Version_0.60.2150,ba4bb8a722beed533751ddcc0eba56dadaf84ebe,f74ea3821b890dff0a4a4900f83f2ab8649a8892,99d92c16218738ce5b0d2e35eb577094194aa4ae,b9239a98b3505704b94dbb3d35eac1b1eddd349f,59e4450d80951c0f9382d8326a5b76bec7ea1ed4,1ac810da32603581a6216b5b809afdb9b16e426a
457072439206928207,0.60,True,0.60 Hotfix 1,Paladins_Beta_Version_0.60.2150.3,21e2ed02cc1c9f58f5cc59ffe8469b6753fc7d4a,9f14826b227bac6a7e9e328047cd16861b768a8e,99d92c16218738ce5b0d2e35eb577094194aa4ae,b9239a98b3505704b94dbb3d35eac1b1eddd349f,59e4450d80951c0f9382d8326a5b76bec7ea1ed4,1ac810da32603581a6216b5b809afdb9b16e426a
5893545962488482955,0.61,False,Relentless,Paladins_Beta_Version_0.61.2189,48ffc5ef1046e4efeb18c07d18f202b4b0163071,f38f7b220754f25600b5720169c1819a4e43d953,163d99d60fd44cc39d19b6ebeb1509da5bcb6486,e4e3df79b2630e0b2e93ef0058352f3f035106ca,c66330481965d6db752e3f6939e7a57aa8685961,f36b5f1daae5a27b410a26a590521087b439906f
2914832686883537676,0.61,True,0.61 Hotfix 1,Paladins_Beta_Version_0.61.2189.6,0fe96da75c6f74e748ab48d95fb4a6611b60d625,12dbece17e44c18daec48d2fca12021a8c51e2d0,163d99d60fd44cc39d19b6ebeb1509da5bcb6486,e4e3df79b2630e0b2e93ef0058352f3f035106ca,c66330481965d6db752e3f6939e7a57aa8685961,0c8c273766b51a615721e2c9d7d5d61de4138bca
8474659418272156181,0.61,True,0.61 Hotfix 2,Paladins_Beta_Version_0.61.2191,4652ac97e066296c874839413afd68801ab1e964,a86b4d4958602d5dafd3caa1651d7c75577140f5,74e711d7e0580e60b370558b34fecc77cdbb2570,a267aca82850770d484fa85013ff34fa62ada024,6c4861df750b97b4bd4945e5fd9aee7dde4cbc10,e0b7d9e8eaa863b9b49811743b93d4ced7e5002c
8175966045112544703,0.61,True,0.61 Hotfix 3,Paladins_Beta_Version_0.61.2192,59fc4c0cff101dc99cfd26f4372f81d097250924,a2c06443d3032c98b380a1025f7d82afac42e953,2ca4788d819a09d10108a56c09bf0b3b040a6001,4a3158b58dfa059316881052073f00796077cedc,aef0cdf29bc50fd91f207d75d86e8ac628fd70e0,1ede453d944a9f6e54903029e7bca58bc81ef49f
2975963013763356427,0.61,True,0.61 Hotfix 4,Paladins_Beta_Version_0.61.2192.8,22a76b1c51297ba95a349056ddb28b934b57716b,a98eb760f0edaad7463b26657880b3fbe7fdfccc,2ca4788d819a09d10108a56c09bf0b3b040a6001,4a3158b58dfa059316881052073f00796077cedc,aef0cdf29bc50fd91f207d75d86e8ac628fd70e0,1ede453d944a9f6e54903029e7bca58bc81ef49f
5355250518572795371,0.62,False,Ride the Lightning,Paladins_Beta_Version_0.62.2219.2,876437639e26b1fae207e2ca04826ae6999b3f13,deb04026bca9d4e5e41f402d1f68695d5edd18db,2ca4788d819a09d10108a56c09bf0b3b040a6001,4a3158b58dfa059316881052073f00796077cedc,aef0cdf29bc50fd91f207d75d86e8ac628fd70e0,1ede453d944a9f6e54903029e7bca58bc81ef49f
4094490156939300353,0.62,False,Ride the Lightning,Paladins_Beta_Version_0.62.2219.2,92b0c4b8b080875a7eeba12d6cb8820bb88b52a5,6580ce738c94ad2571b9570f3d580efc91da57db,46e6fae17fb7d6fd0b846e66eee98ecdb16362d2,07022d8ec6a9b8068d4aabb7c64f2d38522b570c,fe967d04574b182b0a255e73d7b01d6f57b0afea,08cd8c55562843eda8d14c5b3c7f7365af59eae9
16483823906420572,0.63,False,Full Auto,Paladins_Beta_Version_0.63.2252.2,d7b0db5973e6661f903823616b24bb5ebe112844,9ec502cf7454b1f2323501cc5baf00c450696a9f,ade8177f3431bbbcf0853055e1529d123638c140,d8d024448e6923932795dddf9cfe8529a3a796ad,a6605c0655237ab61413bdf069de274f5af7e93c,3f259c265c9d3bf85885fafa95f1e4f24c0463bc
5450858319658667231,0.63,True,0.63 Hotfix 1,Paladins_Beta_Version_0.63.2252.4,2596118e5c3e93c5d0fd22cda4fa3ca768983fc2,0a151fba720a5b316b727dee2dc9874962817de3,ade8177f3431bbbcf0853055e1529d123638c140,d8d024448e6923932795dddf9cfe8529a3a796ad,a6605c0655237ab61413bdf069de274f5af7e93c,56bd1423d46c75088e920fdb5d349facb8877146
3361082808884628168,0.63,True,0.63 Hotfix 2,Paladins_Beta_Version_0.63.2254.2,ff82b0eab5131b9556d19fcd3c61e2f5b2beea9e,a935722a0f94b996bb10ce120838c942042b28b7,e124543560c2bc9dd88d6fde52414971d046138c,c8ce7da7320d03482e608544024bf09b5671911e,a88bf20ae898be776c58bfa9a5167e25ba8ab470,8456372dcf9c2b929164ba857be0fba0de1c16c8
8327236191296900271,0.64,False,Do You WannaBuild A Bomb King?,Paladins_Beta_Version_0.64.2312,6d334ae6f7e9e0a7240d035131fa3e16aeae77b2,99769e805ca320e103fb9180b07614829763d6d2,b7b0ebb5f9b10c09d67e10d7d538c15e1310b419,80a0d20a0f780275b12e07e679708711e607949f,7ea1c2fe52146edfd307178956e7092e0f5e4fa2,7ff30aabd75928f82a7389b3f26f12ba3b0898c2
5980970886571391357,0.64,True,0.64 Hotfix 1,Paladins_Beta_Version_0.64.2314,0d690d13bbcf105d09535513abd3cac202c09d04,3cf5f82aa9eab79168f05387b09b16cda2536ccf,148b27179fa998992e167cb898f156f3dc9339ee,23c461f9c68b4fc549a67234d0f4069e4f0de39f,5d6f6fe3ea885be039428c1cdd6721ada16d6945,877a156e431edbc856b0e5c3ffafbf2eeed6722b
2552448433256977711,0.64,True,0.64 Hotfix 2,Paladins_Beta_Version_0.64.2314.4,9150ff5d6730a0faef5425884ad0aa6db3ef12e0,61eb975840b2c4d45c65562abe8d940099ad4049,148b27179fa998992e167cb898f156f3dc9339ee,23c461f9c68b4fc549a67234d0f4069e4f0de39f,5d6f6fe3ea885be039428c1cdd6721ada16d6945,877a156e431edbc856b0e5c3ffafbf2eeed6722b
8766276069665132871,0.64,True,0.64 Hotfix 3,Paladins_Beta_Version_0.64.2314.7,ca1bc4bdc8c42f86c7c698361d25afb91a454d94,3be80d69fabf82dbab7cd0626d3868251ac1dc7e,148b27179fa998992e167cb898f156f3dc9339ee,23c461f9c68b4fc549a67234d0f4069e4f0de39f,5d6f6fe3ea885be039428c1cdd6721ada16d6945,948839992d3ac53a00df11a69d75646d044dda72
4900552212321117602,0.65,False,Paladins and Friends,Paladins_Beta_Version_0.65.2348.3,e04dabacb69dd2b8b94abae7c4f13d2500aab90f,4bb2426c82b2b023f75a65d1c96eb7ec5ebcd314,fac4850ec3c246554c52d6f974ec46b26839162b,b48e7463dbece021f2b651aa9f56befac8d983b7,109d282c5125a9ec9a4ae52ed009eae7cc1da3d8,a07ac85b9a2535d1b9585fe5b877281bf0c9a5bd
3631989439332592601,0.65,True,0.65 Hotfix 1,Paladins_Beta_Version_0.65.2349.3,1546f9697c9f9dd793fde11cd448c2a6ed157464,ea52df5fea1ee75c7c3ae7688409f029311643f0,78fafd1dca106327de33b78083eadf784492a5fd,f218c79266da409d6aa513e64e4ec3da128a6b9b,a5fccdb380dc041f8fe6cdc9c4021cd10e0ea885,95918241f4bbeb5286ae4a8d46b1132a20f48a46
4348610384214185230,0.65,True,0.65 Hotfix 2,Paladins_Beta_Version_0.65.2349.5,b8aba4eb8a2f65ffc6e67e7c477f15b299f27fd0,302ae4bd25b42267c3659249b5ea4e67469735dd,78fafd1dca106327de33b78083eadf784492a5fd,f218c79266da409d6aa513e64e4ec3da128a6b9b,a5fccdb380dc041f8fe6cdc9c4021cd10e0ea885,95918241f4bbeb5286ae4a8d46b1132a20f48a46
6341131636910196140,0.65,True,0.65 Hotfix 3,Paladins_Beta_Version_0.65.2353,eda413f5e3477c00ba999083c17dea1bb21450a6,f8223339a5f070a7f99b8b4ba3fe551b62cee5d6,41db82aaec9a82d5f29f5b8a1dc097ffe6aa18cb,0334afac5d1972e8cad5099f163991b1cc87b210,7b01e01e029940283768016a7e64428d0e087513,4079ca3d045160f5107d9093da01448df7b2ac92
2716608921825567288,0.65,True,0.65 Hotfix 4,Paladins_Beta_Version_0.65.2355.1,2c566060369653c5aeec33a49c8b25622c3cafbe,3ce0040c72e837abf31e0eb7c3badcc1a27d80ef,6bb9d89a7c4697a5c1fe9ad67df706017b6ef2ba,4a43c76b1cccd81371462c6fe94d6ed91ef693d5,7b01e01e029940283768016a7e64428d0e087513,3d1d24d037c1b625bb4b46aad4ef27b0a90849a2
7613264082208660964,0.65,True,0.65 Hotfix 5,Paladins_Beta_Version_0.65.2356.5,efbef2eb07514bba77b73b4a9894bd54a892babe,47fea67f2e4db5a46365c571efdf8267a5790ba2,dc182b8ac6177eb1e1ac842b6a32f898f9108a97,224365643d3476f9ce7da0f42be9fb14acc61ba5,75805e5e0c3a1b89d8d63bea6b675cb0091d5d4c,5fe2028a1661454d68631512d7e5c2280dafedd4
1040988836228170785,0.66,False,Battlegrounds,Paladins_Beta_Version_0.66.2496,95306729dda011a881b72a28a59ceae63766ba92,5e7009d57c4d2608810ced7cce90bc3cdc2b8d95,50b788711ea74c28500ba05e60dcfd49c78325ef,85f2184eeae024c6abc68eb970f3d709f1ec8ac8,ea6e67bab5ce6186e2afb2081785559ca61dafc8,46c53b390ba87583f2c60dce9b04f22352736514
2817442373436761730,0.66,True,0.66 Hotfix 1,Paladins_Beta_Version_0.66.2497,4bb5bec9fec66d3696b1cc1567e55469e9ff229a,29766a5ea69c11342a2e1467a43423a58f13550a,50b788711ea74c28500ba05e60dcfd49c78325ef,85f2184eeae024c6abc68eb970f3d709f1ec8ac8,ea6e67bab5ce6186e2afb2081785559ca61dafc8,46c53b390ba87583f2c60dce9b04f22352736514
9074974542920371211,0.66,True,0.66 Hotfix 2,Paladins_Beta_Version_0.66.2497.3,1fa9b5cc0fef11d830cac72b83b88876caae6e41,802d282ea0574a66f3ef59c0e8154d5e605b4d6d,ad2214a1db2bd02b99da5d9ced777236ddd106b3,f42519cfaf1af40d269af4da41af07bf1cb3b821,ea6e67bab5ce6186e2afb2081785559ca61dafc8,871e6dc9617f16a19fd0b0caf0b87580684ab6a5
3038545929817695359,0.66,True,0.66 Hotfix 2,Paladins_Beta_Version_0.66.2497.3,30af7dd38a09c7b66bab7074f599ca99cd77a6c7,333d0a01e6abe3a5baec49fa1b3e9de554a0854a,ad2214a1db2bd02b99da5d9ced777236ddd106b3,f42519cfaf1af40d269af4da41af07bf1cb3b821,ea6e67bab5ce6186e2afb2081785559ca61dafc8,ece05159d891f5b5794e1e99d6fdabc330cea0fd
8948410962750469780,0.66,True,0.66 Hotfix 3,Paladins_Beta_Version_0.66.2497.4,53a533a393d7644fe56e85c51fdc86943fba0007,81cd420b13f6ae56c5ca5934cdc8c39e0a7a19a4,ad2214a1db2bd02b99da5d9ced777236ddd106b3,f42519cfaf1af40d269af4da41af07bf1cb3b821,ea6e67bab5ce6186e2afb2081785559ca61dafc8,ece05159d891f5b5794e1e99d6fdabc330cea0fd
3441005912981907132,0.67,False,The Realm Restored,Paladins_Beta_Version_0.67.2519,1a35c09354b77a55f45af76ab2e9b39815132949,8c31c199b4fe18ff63813cf32884fbc7a2279b6b,1724f49b4fa3089bb9ea9bffc5f895e315e52e47,f09b6c4d8ba9efbfcd1a13c316e91d0f7df9d436,56fe37a12fd86ec59fcacff2ffef16e653e191ea,5dcbcbd1db8cc65131e6c387c84619eed4f5f530
3891269424924199493,0.67,True,0.67 Hotfix 1,Paladins_Beta_Version_0.67.2519.2,6c19bec950a628a43d9dcadac0156dfd5af5ccae,f4a8d2d342777302fbbe6124381460938d597f0a,f8aa18d5d56ece66d6816b293b6bf4dd8ee0297b,03ea410a11a0cf338ae2729b9bffc39dc481ffd9,3e08d01a419845ec2c210354842810bf5614c913,271effbc37e78a3da49b9483ca3ee92147796622
5617612072913620924,0.67,True,0.67 Hotfix 4,Paladins_Beta_Version_0.67.2523.6,9da01d4bf4f4f1c85408d989f30fd5d464c5525c,c861a7ce261c557fb5bb9dc06bfd915b5d1be105,f8aa18d5d56ece66d6816b293b6bf4dd8ee0297b,03ea410a11a0cf338ae2729b9bffc39dc481ffd9,3e08d01a419845ec2c210354842810bf5614c913,4a1a345cb7f6b1fc09994a728a93c3759eb2715e
3354586511728951002,0.68,False,Siege of Ascension Peak,Paladins_Beta_Version_0.68.2559,5bddf757a03fb0039c165843f6de00663e2acb65,317b6ef861be8086cbe8bb415c6e6a0523199781,8e3e7fb8c6ddb34ad72efef41c34ced8a5fcdf69,2249806e2b27c69faa788e21223e5b7f611e3635,1e30906460be51d297d8330fe31ba450e8458a7f,2ac063d390ddbe85242e92607d6dd14d88d79c97
2698691756598167210,0.68,True,0.68 Hotfix 1,Paladins_Beta_Version_0.68.2561,82a253f5aea67add4394780b60a6cb183b9fc442,c0934df58b2535d51bbf85c0315b77135a182fc0,03974d3d7c7663fc687bbaad808503baa2c3891b,a4e1a15044f971fa4efb506425d34be9fa2c5189,1e30906460be51d297d8330fe31ba450e8458a7f,928c0ce519b6be9a5f36cee0c9558452d86ebcc4
1673173229571738128,0.68,True,0.68 Hotfix 2,Paladins_Beta_Version_0.68.2566.1,742d59733b451ef2a0c3eb24320893310f1d293f,1cfe15abbf3f29bfc56ac87e5f887b150f09f0ad,e1b588ffebe154a20a915d8552176c051d4e8076,74674f4215a72a11b28af969a169e562349796fb,23e82b72fe24567773305bbceea223e8d1126962,095f38ab5e85d7cec6e7cd71409fff0d9653706e
2785274574851748102,0.69,False,Reign of House Aico,Paladins_Beta_Version_0.69.2585,d10d426bdc0124270fac31202987d4e3774d9f5c,d2c91fcaec8dafd793c4f8b339f97477c726bb01,e1b588ffebe154a20a915d8552176c051d4e8076,74674f4215a72a11b28af969a169e562349796fb,23e82b72fe24567773305bbceea223e8d1126962,095f38ab5e85d7cec6e7cd71409fff0d9653706e
3839499999545039395,0.69,True,0.69 Hotfix 1,Paladins_Beta_Version_0.69.2586,86ad40631efa1d25108c78ced9123a275df39716,26ddd2b8969f5826dc1fcf7d75fbc14e373927e6,81436f46d885e892e4858fbc9875e3c0153395dd,653e0fdd18f67f4e1a633923fe9c32f0e5a385cd,5d39976ff120b6eee1d13d396307adb40a36bacf,2fc394afadbd7c2fea8d05bdceb2afd4cc38982d
6939799954432150421,0.69,True,0.69 Hotfix 1,Paladins_Beta_Version_0.69.2586,4df1024e74ffba834db993e4ec8c5042517643b9,2046b63c2f9bb1ac6fff81300bb6db8679406d7c,b3ca0574727d890e1edb60fb7f34fdf503e29b6d,458ee73391fd69affdd3abbfd2ba684d606b6ab6,4b34ab897a89a46f1758c967330c12f3acfd78e5,a5b413600e4ca596200fa102eb4276a261b500b5
855188335697404627,0.70,False,A New Frontier,Paladins_Beta_Version_0.70.2609,6501541f012dd98b99e11a41a6f40a7a32c3bfd8,9860e306a2c83ab0390032324db8e577ac421884,81436f46d885e892e4858fbc9875e3c0153395dd,653e0fdd18f67f4e1a633923fe9c32f0e5a385cd,5d39976ff120b6eee1d13d396307adb40a36bacf,2fc394afadbd7c2fea8d05bdceb2afd4cc38982d
8922130015105242054,0.70,False,A New Frontier,Paladins_Beta_Version_0.70.2609,6c667e793c3c8fd89d10430a770c50c843862959,adad01c0914b2c2097e8d2eaa8479a01ab5ed639,dc22a698abed95802e9a88ba089f7e7b472e4d52,7838c0c602a47257f6631fa089865692188a3160,ea0db528f32f8cb56d8d5bc861f34c3c680a5d40,6a8e821be829330b823060c9e95454054f460a63
2465788779436500908,0.70,True,0.70 Hotfix 1,Paladins_Beta_Version_0.70.2609.2,3383a501e59a69bb4879920971917d7a3e32c0f0,54d222ff824683cd71a4b6653212546ff4eb0629,dc22a698abed95802e9a88ba089f7e7b472e4d52,7838c0c602a47257f6631fa089865692188a3160,ea0db528f32f8cb56d8d5bc861f34c3c680a5d40,72dcae9cb054682faaa905c789d84264f4e8be9e
2147762686154534646,0.70,True,0.70 Hotfix 2,Paladins_Beta_Version_0.70.2610.3,8f3ecfc44d79cc204cf4c4aa56b584f89c142f74,79458786bc65b5b9000f86a8727ead1043a6f001,7134b364b09cbdb296e116c5c084e7fa7652d73a,ec5a258e7eb6146d609df56613916279100547a2,36f6ffa38c83bd469289abed958659fa08d98ae9,8e5c7bc6fd785cdc78f48588c395627fc52eea65
3551055725956922163,0.70,False,A New(er) Frontier,Paladins_Version_0.70.2621,ffd6490d9bc3a6448c61ec20ee8357e28d7339f7,e3876f74ca54f373364d411e5d08128c37d64bc6,d3bf6f65a474cba0bcf4e70077c47d2246e352d6,089eb86dbf57f109cb3da987bc5b7c404b454020,f0d3848b8535007d45932562d2a368a0c9c1ea1f,4e9f65420670b8cae464878989a8dbd6f54eaa40
7951850747467715905,1.1,False,Rise of Furia,Paladins_Version_1.1.2670.1,3e6f1e89ebf2621a28e5f80f5d857c7b04e4164e,098d51f34c2c2d875269ba5e6f8c40bee3888bc4,3977df8dc3b1fe10b274a6b0fb101d574aeab7c2,a2c70b493bc7664195ed7d4e59a9be77f2663b6c,274669617bbbc70e1a902c0e18b0dc40d731e82c,69232aaeac08b0190549e2b00bd418e101927e90
9104470381683959475,1.1,True,1.1 Hotfix 1,Paladins_Version_1.1.2672,bd1ba2e1f710e9431760dd2753a19a7d1fc9417f,c6eb3ec452e7aa1f2832ebf90d9c63bd9aa41f4e,0931580e85024331c6e1ef1cf26e796b69490afb,d8292a5d19f44b4004432c74a342119078064eb1,69797b97c12ac07cdbaee51e05d20f5359f6395e,47c5d1249c7124a516ab6f15dc7fe998599c8e05
4457618740659862217,1.2,False,The Ameri-Khan Dream,Paladins_Version_1.2.2677.4,a4c7b8c82e8e3c55c181b4400fb3945945c36a63,5a34a2273903fe131c4e633538b019b69375a4b9,f529293365f0931a56bd2666c501db87521dc8f7,239a42671527cc1e19950bb7b70b7a750a6c1427,a396e75d7b75a3d26c4e697bf00943f2dba8339d,ca90bbe318212f9db58407fa2d00d46b4aaa4d59
5476669985336530027,1.2,True,1.2 Hotfix 1,Paladins_Version_1.2.2680,c4150956317e67aa7acea41d262521e3b95b795b,324aff3961c47e98231b637bc7ef7a4d3ac44192,15c7f61b95e980fd496f888830c0111ad2f98df5,edbe6a6606ee133883bad1500332e81647bdcb48,9958165f4769dd1dca184e228eb6dfda1f998eee,dbc56b6ab17e80253bb1021b48e9910f2cf54c84
6776187358217197574,1.3,False,Koga's Revenge,Paladins_Version_1.3.2738,18e403be25b3b4a18086210948fc008e1433ee75,fe703537d747331c55fc4ad38acc6f097c6f40ee,e34784c62493d5929ca89cdcaa9f182942058e7a,0118c3f664b42046f71cd3438294f3a1b9c42cbb,0aa072f54175a7eb6e6a0f4495e160d878a9422b,98d78c6de27d39c1f8ae49d66f81e1cc03d18e4e
7068809235270535729,1.3,True,1.3 Hotfix 1,Paladins_Version_1.3.2738.4,fa487e15a7e0f94b907f96cbf09a307110ec4424,bfd8e0698ef0b586cc06b285d2cb00a9f27854c8,e34784c62493d5929ca89cdcaa9f182942058e7a,0118c3f664b42046f71cd3438294f3a1b9c42cbb,0aa072f54175a7eb6e6a0f4495e160d878a9422b,d27a0c656a17cd5c96a0ac1e6268a1bb3f5f4a25
8733784075372178595,1.3,True,1.3 Hotfix 2,Paladins_Version_1.3.2741,810b132f65b952323c054ce6cbf1968982a609e0,8495e53d42592aacee9fe6f65f42e478d46ea7c5,9dcb2fa00bbde0f04bb7377e09ee71089fbc07a9,16df4e1412a14f1a6f822e9734155855687179cd,012389139f7cd86ff0bafce989dc6c188d3effb8,36968ec926c2bbde95c710bb503e3358b3ef4979
5806672943000383470,1.3,True,1.3 Hotfix 3,Paladins_Version_1.3.2742,c0b9477918a709ddecf868ad4bbcc17d9e933e49,ea74e7b21adabc5b0909c185ab9850c661b011fa,df2029e7c754370ca6cb8a2e62d9b372d3e8577e,5f240cdb2bf9836385e7051ae039ae9f50c9ccbc,012389139f7cd86ff0bafce989dc6c188d3effb8,f9738be737c61700f553f9c12afb76a144606ee9
6259184036245331155,1.4,False,Dragon's Call,Paladins_Version_1.4.2790.1,8a27cd1a76d71df1e3c556d6bee23040c39dfac6,52c1525176b45094455b1b7bbd5d0b68753d6aae,2ac0d51554497162a9570df2ed29bff3a5e71090,edefcd3c8f2d54ecf7ec47861f0df07afde33726,77b5b2d5e55a8376ec37fbf74e37940064b8d86f,36a76ba90d53f9c802d24919c1fbf3b190b2b2fd
371648101449832329,1.4,True,1.4 Hotfix 1,Paladins_Version_1.4.2792,df4ff852c097e31afe7d7764563f0d998c067ea7,2950abc26b5738f63adb154d67017932e44e112f,145412dd795dde0135df665239a40f00c65b57b1,48e111483bc8917378340de480e9b49700a1c11f,ead653c7e16c90564f6297f0896c8a6def4aaffc,35561cc28fc092d33a5a5d97c9b3c66323f82fd7
3342041697892689199,1.4,True,1.4 Hotfix 2,Paladins_Version_1.4.2795,94ebf07aeb00a2e744c8de6bef9ca7ee8cd0a4ff,c007a4da1236e4d61cfec4fde814c286fdc7b473,f180f4b594d94daffe0f9b3cb937293353282aa9,532803a7348561ec7b4349b3cec8004a3f39ad50,b742fdd158bf0ba1fb2a6e4fb23a7944ed1dd46f,8a4acba5102ecdb7b96be0aa95d9b6c6d4cff121
1120299342557869784,1.5,False,Xenosynthesis,Paladins_Version_1.5.2800,5a566007516c8da3025ef582a50d8b4040b1de44,2e7c1e7ff210418b698ca62f81e77a0293b1e391,0d4ad67410178d73814d44cfa2336166e003ad97,39ee80c866fbe6f873d96137ed554181d5e84b26,0804a47350e915f9c986094fa18f2c0c343115a4,9aceaf8018d79eba9babe42aab0b7bf373e9286f
9010301706042435942,1.5,True,1.5 Hotfix 1,Paladins_Version_1.5.2802.3,db67bad8ca62792ad8a26b1e17d2c642bdf220b9,55913f4bc7e7d237f948ca2096824bd62a08f89f,b2011991276f0ca0cc44290e8d104a643d9e3cdf,9cf0d76ad79dfaeba9fa7afbdbfa67e61d2161e8,80e6544ac9ac93b33254b7cc821e4a7ac32b8e19,f6518e58bcd4b1392d503aa429d070245be646be
5199357360950420864,1.6,False,Dark Tides,Paladins_Version_1.6.2869.1,817d5da0db6c647584e413e0b326cb108e771468,d77f52183c2c2841d232506518219453d52aab5e,3698fabb1b4756ca5fb3f4492619c8f4325c6731,6c15e1b2a2ce5766af7b40795f4eaf76f9443bae,63216377c5a84f7b55a3de0071ea2aca5f510330,81444c6f00d2b939cf5ca2fcbfa3bc9324bea577
8876653573077024521,1.6,True,1.6 Hotfix 1,Paladins_Version_1.6.2870,9e383e8fb678ca7e77fac57f4a60bcdec9ee9a9f,b81efc7c56b29b59c49a4780fe14e9c01a70b2c8,aaa33aca373d104804cf49efa8b933f1dad1d05e,481044e2a9c3cd66bb270ada5a3a9f177873b14d,551b48fc21bd7ac393118c7fd2331c97d88a4d41,fc58a3b39516531de122f6e36297840807ff8616
4477222210912890035,1.7,False,HRX-Treme,Paladins_Version_1.7.2876,8bf462810cc1424cb6241757c51185cbebdb0783,3abb07e4195564cf4c2045fce6238ec2d53c37cf,aaa33aca373d104804cf49efa8b933f1dad1d05e,481044e2a9c3cd66bb270ada5a3a9f177873b14d,551b48fc21bd7ac393118c7fd2331c97d88a4d41,fc58a3b39516531de122f6e36297840807ff8616
6072518437505570776,1.7,True,1.7 Hotfix 1,Paladins_Version_1.7.2878,cfcb5b9083427187db14034b9b8b247d79365839,5dafb716a62450d0876945740805dd914c2c5945,aaa33aca373d104804cf49efa8b933f1dad1d05e,481044e2a9c3cd66bb270ada5a3a9f177873b14d,551b48fc21bd7ac393118c7fd2331c97d88a4d41,fc58a3b39516531de122f6e36297840807ff8616
2197177485862158087,1.7,False,HRX-Treme,Paladins_Version_1.7.2876,11f96d0195df08a3550da29f1c7997e120f2a6bd,4c17ff3ebf87e7c5b4f1a6203079ad102d0b6416,fe9daf85a73b5da6528ee77c5462df442009dc6b,bb6831f1e29a3ca0bbd6a7d218c173e7149a371e,75aad6bd41b44f4affee6a6e8688d7ab8b42bbd3,2838aebc79069fe2803cd9bd214742a192b8750c
4675205458014932795,1.7,True,1.7 Hotfix 1,Paladins_Version_1.7.2878,af58959284eb472a80400afaafc2cc001427f8e7,e13b3bb8940993c3716afa25c1d416f7e1dfbaba,b038407d702a49d2d8cfe56e30a0ef1cb7da8d12,9a04eb4073ec4f6a1e916abf076ce637a0ca119c,73a8df67819bfd1cfc7dbcf75f7933c7e2995c20,e04649b99ea82e620461fc8e6bfba3d9330b4ba4
5565632295308422703,1.7,True,1.7 Hotfix 2,Paladins_Version_1.7.2878.3,577589297181623f55c2fecb8b79369e96a0363b,4e14a9f6ebdb1c50879fc37da7a995b850f4d7ae,b038407d702a49d2d8cfe56e30a0ef1cb7da8d12,9a04eb4073ec4f6a1e916abf076ce637a0ca119c,73a8df67819bfd1cfc7dbcf75f7933c7e2995c20,e04649b99ea82e620461fc8e6bfba3d9330b4ba4
1588300258733682899,1.7,True,1.7 Hotfix 3,Paladins_Version_1.7.2878.9,577589297181623f55c2fecb8b79369e96a0363b,4e14a9f6ebdb1c50879fc37da7a995b850f4d7ae,b038407d702a49d2d8cfe56e30a0ef1cb7da8d12,9a04eb4073ec4f6a1e916abf076ce637a0ca119c,73a8df67819bfd1cfc7dbcf75f7933c7e2995c20,e04649b99ea82e620461fc8e6bfba3d9330b4ba4
9005119033746204441,1.7,True,1.7 Hotfix 3,Paladins_Version_1.7.2878.9,6f6545338b025a50b50f72123fb3a13c6451f2fb,4defdbca75138da8379a3ff4213e4a8d8d5fbb0b,b038407d702a49d2d8cfe56e30a0ef1cb7da8d12,9a04eb4073ec4f6a1e916abf076ce637a0ca119c,73a8df67819bfd1cfc7dbcf75f7933c7e2995c20,2e65560131fb93b21b768e14fcd5abea64ffed18
8607748873120093461,1.8,False,Remix,Paladins_Version_1.8.2943.12,933b6a943a5b8c335a16b6f8992028b33a987181,2a31f2fab03ce7400b7fb516329bd6258951ff65,a70343ebc1d2e1f7bc6ca4fd7316cbdc48c9849e,5d959f3d6a5b6f70bbdc25c7af198031a6211a1b,3403037637ac80e59d899af17b3cefcfe745d56f,af565fc5027bb67addfb3aff31080f49dba9f08e
5311956936162591154,1.8,True,1.8 Hotfix 1,Paladins_Version_1.8.2943.17,fb227131589b1d6bbdc1e5feb4cf1aad848f2484,3b9d8d3882aa6e6561b4e443a58beb64c7deb219,a70343ebc1d2e1f7bc6ca4fd7316cbdc48c9849e,5d959f3d6a5b6f70bbdc25c7af198031a6211a1b,3403037637ac80e59d899af17b3cefcfe745d56f,af565fc5027bb67addfb3aff31080f49dba9f08e
7676725483035728447,1.8,True,1.8 Hotfix 2,Paladins_Version_1.8.2944,05974fed8e6049dae2731a6b8e61082d4f0a2388,6031ba5eaded1c4e26c0ad2271d77d537eec4831,800eabccae9c7b6a1744584e5d75fe7f07f4a8bc,c914a015b08416cff77d590b16e0e6430ee7cda7,3403037637ac80e59d899af17b3cefcfe745d56f,73a9ae3411be2c03de1d1eac57e2c8e4928d9de4
4050058499562089295,1.9,False,Merry Mayhem,Paladins_Version_1.9.2977,6457fe6e93a3f0fe9c9136d0ee55a4d3ccca3180,46346b6eee15a69690ead9490bb6ff6fe1686f84,8d44d04bb2fd5b2e836a526c6767b53c1fdbbf42,e993b66020e1ab2abbafe862450a983bb840c3d8,7322c830ddf88983704738df8670b35967eb1cc8,562d84a6d44d47f9cfe0a3fa6f7b99f134fab288
4883078478166596370,1.9,True,1.9 Hotfix 1,Paladins_Version_1.9.2977.6,c640041467acca484f14fffa37802a8420588c74,9117aabe6775c9ac5622783306c5cc1136fd28d3,8d44d04bb2fd5b2e836a526c6767b53c1fdbbf42,e993b66020e1ab2abbafe862450a983bb840c3d8,7322c830ddf88983704738df8670b35967eb1cc8,562d84a6d44d47f9cfe0a3fa6f7b99f134fab288
3378673758968780541,1.9,True,1.9 Hotfix 2,Paladins_Version_1.9.2979,00c038c4289940bcf835e3b7463d268cff979a00,58d2d5ee6f2ac7c3f0dc7153a6575740919d2249,2609f18cc666b04a9e3dd56f03035236c95896bb,fb3bca5dd318208e83e371ddbc5fac1efa08f29b,7322c830ddf88983704738df8670b35967eb1cc8,d8c386a4a2086d090c5039d72d723746f3f3e965
2736758526888794129,2.1,False,Fire and Ice,Paladins_Version_2.1.3013.12,834649670e4c38d004835ce321ea22936ce6859f,fe0503bae96b68f12b4415d6893c99ec4b73be95,2563c54aefa501602f3bc782ea784fa79ed7d83b,c5096763a5cb089d8047b05b3df0f086a02a45ec,8b145afe8e477cbe2205a63a447519f590e4ff55,f92f173b9dd0446c84c43b3bc3d61a9f780f0fc7
17519620888899086,2.1,True,2.1 Hotfix 1,Paladins_Version_2.1.3013.13,a485ce6c4d951e5864d7c947d4c78e0f0976e748,5de430297f27341bd46c101545070a75493a783b,2563c54aefa501602f3bc782ea784fa79ed7d83b,c5096763a5cb089d8047b05b3df0f086a02a45ec,8b145afe8e477cbe2205a63a447519f590e4ff55,f92f173b9dd0446c84c43b3bc3d61a9f780f0fc7
6500386239054717813,2.1,True,2.1 Hotfix 2,Paladins_Version_2.1.3013.17,e39803ac1b3b69894e3ebbc97c8f488f704d97ad,12788720031584b53f6ea911df5d6ba9d1531b42,2563c54aefa501602f3bc782ea784fa79ed7d83b,c5096763a5cb089d8047b05b3df0f086a02a45ec,8b145afe8e477cbe2205a63a447519f590e4ff55,4bdc76b9311e98a2c4556f936a6166bf888e5df9
2223968121356722624,2.2,False,End Times,Paladins_Version_2.2.3058.5,e7fa7b5e345a2d60e4079d71ae120445934224e0,226075c9e6669526bf5fe1d185f95a0f49520ee1,8b2f9b9181f8d225a1f59bd68e5ac356e01aa33c,1b02d4124ea1893b790540eda229676882b2d17b,5efe033b2ca47308d2e7b9ff18bfc911213a900d,8552bafa7ec073ed85d48ed321ae0f64d82a2589
5010221939909755751,2.2,True,2.2 Hotfix 1,Paladins_Version_2.2.3058.11,304baa041eae10b3506a35cce027b72a41e90b3d,883e3ac25309a49bf73ff51de0cf5489d1d5b726,8b2f9b9181f8d225a1f59bd68e5ac356e01aa33c,1b02d4124ea1893b790540eda229676882b2d17b,5efe033b2ca47308d2e7b9ff18bfc911213a900d,8552bafa7ec073ed85d48ed321ae0f64d82a2589
2216632362033478945,2.2,True,2.2 Hotfix 3,Paladins_Version_2.2.3058.13,3d1b97b2423690fc8464a2eb9e9e995627dc7846,f0d0c21300e1457f66ad96101e5ed004edd899ce,8b2f9b9181f8d225a1f59bd68e5ac356e01aa33c,1b02d4124ea1893b790540eda229676882b2d17b,5efe033b2ca47308d2e7b9ff18bfc911213a900d,8552bafa7ec073ed85d48ed321ae0f64d82a2589
3760350411182375444,2.3,True,2.2 Hotfix 4,Paladins_Version_2.3.3060,25dee127607a2b81f288c2e3d5cf67f8f69c45b2,6c26d04cf36547b9a86d6b052fa77aa73fa4010f,5fb681408acd78fb9c29af9b0248fadc4421ddf3,cab4934eeabc4086d4328d7bd5156d23cdd12212,4e44632e59223162add020e0eca0156b9671d4de,e8d0549fbe5a0fe49f51575bb109033b45186e82
7281558238196354606,2.4,False,Future's End,Paladins_Version_2.4.3113.12,c626aaf8da7b08b68869f839bf13e37f9366e25d,9379ecf57ebba2235fe6c28f887de41a176d2ac3,8e86ccfc5077065fbce6789b65087526ee106a8d,caa9a0a904cbf85fc3c6766f3485cd0b79f75f7a,e9d295ca993de09e1fdf95cb06400d59882f01e4,64a736c759fc02600922358098098a12a437bd25
2773314333723622542,2.5,False,Street Style,Paladins_Version_2.5.3159.4,787f4ab72554f282f4527769aca5433101038e54,0953ba413af9392e8e4e57ede324f257dad35bd4,dea9520882a8da0ad77216573f2ff783c8b0c2c7,3df1f50f00e9ef1dbc5497e4dffdda786d49cea5,2a3d0800c8282335b2d46353a7e200bc9e104e4f,dbde0c7bed907304d2d63a14492729fe6da784d0
1969190249651838835,2.5,True,2.4 Hotfix 1,Paladins_Version_2.5.3159.6,45b3c3159e1fe8fadcc2bb174754d30c10ae7fe7,addbb4b320b11539a88b3e2b9d5433ad28a17087,dea9520882a8da0ad77216573f2ff783c8b0c2c7,3df1f50f00e9ef1dbc5497e4dffdda786d49cea5,2a3d0800c8282335b2d46353a7e200bc9e104e4f,dbde0c7bed907304d2d63a14492729fe6da784d0
1426846541855009052,2.5,True,2.4 Hotfix 2,Paladins_Version_2.5.3159.8,12c007b45f8e7ef178e53c0e806d3505b5d1826c,e8aa6ddc34fa066b963a8eacca0f03ef3867cb6e,dea9520882a8da0ad77216573f2ff783c8b0c2c7,3df1f50f00e9ef1dbc5497e4dffdda786d49cea5,2a3d0800c8282335b2d46353a7e200bc9e104e4f,dbde0c7bed907304d2d63a14492729fe6da784d0
3387728855292280869,2.6,False,Steel Forged,Paladins_Version_2.6.3199.7,6919bab6d17ca4ca8cbdd9a50c66350546ece599,25d22042f250bc0d03165990505db33dba1976e2,f1abbc763246094a367574e9f456ac527e01e087,27349ee1b9f5fb2a80e844ac1e77da7ee4ad6088,96caf7b5499a144917a4228faf1c41a8eaa48e0d,91fe3038d2f53e1bf5143b080914a8819ca91d18
6536836389198178154,2.6,True,2.5 Hotfix 1,Paladins_Version_2.6.3199.13,03f7f3e34dc0560ce47c99d439b4600083a57eac,65bc259ebf04e4c029a41f8e90312b016393ccff,f1abbc763246094a367574e9f456ac527e01e087,27349ee1b9f5fb2a80e844ac1e77da7ee4ad6088,96caf7b5499a144917a4228faf1c41a8eaa48e0d,91fe3038d2f53e1bf5143b080914a8819ca91d18
3479659780909254764,2.7,True,2.5 Hotfix 2,Paladins_Version_2.7.3201.8,faeb95428f402c171dc62ae4287133a80b44c954,07578747e14931761b64c09079b31ffe60b07855,853990a95a368651083b37663faa576acd31490a,d2ec246580f18b52154f9480e446c42e54a1df1e,ccbae853dc0e95fd9de1fb751ef0715961dfe38e,940d3fdf0912c6315cf0e008b73479043029b29f
5922442275731745872,2.7,True,2.5 Hotfix 3,Paladins_Version_2.7.3201.12,377d5ab0ee61f54b44445a91859712c80c85bb38,ae995c5fe4f449eb82f88f9f94567defdff04583,853990a95a368651083b37663faa576acd31490a,d2ec246580f18b52154f9480e446c42e54a1df1e,ccbae853dc0e95fd9de1fb751ef0715961dfe38e,12cbced4c04658add48cf780c7c0a90d8f3bce5f
5864775721887073477,2.7,True,2.5 Hotfix 4,Paladins_Version_2.7.3201.15,fe9f8c825fae0b6dc6e277f593017913407a7b6d,ea5f8ce1bbba2d96e3c5fea45e4a56294a7b82e2,853990a95a368651083b37663faa576acd31490a,d2ec246580f18b52154f9480e446c42e54a1df1e,ccbae853dc0e95fd9de1fb751ef0715961dfe38e,12cbced4c04658add48cf780c7c0a90d8f3bce5f
2708647320622104438,2.8,False,Sun & Moon,Paladins_Version_2.8.3275.5,10ed1c2f94c832ed6ad35e650b6dfa9b8e2bd4e3,9a784a2519b639f92bc19e5920f8f58f45046c72,f582887d91eeeff5b5dfdec799af4ad2a27a397f,398440eb7b84b02c3a67d3e3768d3b5f5ccf5f3e,b744b0a33608ac19f6a94734dbdb04d4b5dd717c,a5845394f46af50cd01caeed6eb26fd8bd24b59b
3230208701199623480,2.8,True,2.6 Hotfix 1,Paladins_Version_2.8.3275.13,fbd702ac17497f638a0b14540f1b2e3712027f6d,451d6a11060835972b862198f09d6f4edcb9b415,f582887d91eeeff5b5dfdec799af4ad2a27a397f,398440eb7b84b02c3a67d3e3768d3b5f5ccf5f3e,b744b0a33608ac19f6a94734dbdb04d4b5dd717c,de868b1ba1f0b76e01236ff54e28337c876a191a
6199584519987820597,2.8,True,2.6 Hotfix 2,Paladins_Version_2.8.3275.21,92d9654330ddde39d3cf4dcb5b7a28b9b2c1c17b,fc14848edd8c7cc66aef60be1f157fa978d726b0,f582887d91eeeff5b5dfdec799af4ad2a27a397f,398440eb7b84b02c3a67d3e3768d3b5f5ccf5f3e,b744b0a33608ac19f6a94734dbdb04d4b5dd717c,de868b1ba1f0b76e01236ff54e28337c876a191a
6961466183224530014,2.9,True,2.6 Hotfix 3,Paladins_Version_2.9.3276.0,5122d391e3830f967c7eb4800493328c80b1e4a1,0761603d52365864b5de1004b3159c9cf4d03934,cb31e317dd23fe931ee87e292940363a2de028ea,a53dd74f80abebc146568ffb98729ceb1b3e7b95,b744b0a33608ac19f6a94734dbdb04d4b5dd717c,492be414d01c1331943ddfa19c6ab270b829645d
4800895348880562769,2.9,True,2.6 Hotfix 4,Paladins_Version_2.9.3276.4,6fc21e39617508220825e7e4514f9f4301a0b9e9,22e179e24d8d8c3d438e9694b84867d6b87134de,cb31e317dd23fe931ee87e292940363a2de028ea,a53dd74f80abebc146568ffb98729ceb1b3e7b95,b744b0a33608ac19f6a94734dbdb04d4b5dd717c,492be414d01c1331943ddfa19c6ab270b829645d
6708518798945405927,2.9,True,2.6 Hotfix 5,Paladins_Version_2.9.3276.5,c3637cf6274282245ef3ed28bb43649eed6fcb37,6eeb282994516c3834a6f9e2085733e7969fa776,cb31e317dd23fe931ee87e292940363a2de028ea,a53dd74f80abebc146568ffb98729ceb1b3e7b95,b744b0a33608ac19f6a94734dbdb04d4b5dd717c,492be414d01c1331943ddfa19c6ab270b829645d
2285725398214273754,2.10,False,Pirate's Treasure,Paladins_Version_2.10.3351.2,4752be9a107c886c685bc951c296914c2c948e44,b3327b85a8be0905a85e5bb65e209992a63fc1f5,fc1b92f26e9128c8dfce463e39b452c3e99d5af3,48a8b3fb368e0d6c3b538aaac157ad9bfcb9fd67,98c341b15833f5dce46209eed3ae68ee0beae7bc,58704e4ded9bc11c86ee461e4c07ab50c4749e94
1982181209846328923,2.10,True,2.7 Hotfix 1,Paladins_Version_2.10.3351.7,a13f56d05100df39e9ee5b72c35b3bbe818073a7,6a3521273895b68d380cfd1b6460920f820f18cc,fc1b92f26e9128c8dfce463e39b452c3e99d5af3,48a8b3fb368e0d6c3b538aaac157ad9bfcb9fd67,98c341b15833f5dce46209eed3ae68ee0beae7bc,c25a0327ed7fb15037603d503616f8a51bcf6ec8
6016729773150122986,2.11,False,The Damned Frontier,Paladins_Version_2.11.3416.8,a15f22fc7d913a26f4f21529d7731afdf0f2ec5e,d9b2921567724a5874c15cdc8df3e0d9abc229b7,8fe22ecca5e564782b314100e6b7af69a3640297,32958c54956ade28d9aa076494025a3de904c3a4,23bd100ed1b8a842e350d0ec55b89cb6a62d56cc,88bec8eb6f4406aec20325513a2e30c561042cf9
8448842829258036435,3.1,False,A Tigron's Tale,Paladins_Version_3.1.3487.7,4589a5c0613723914588e7beda6fe83d166b637f,ce5f23c887876b14627fbe97df290d233aeae464,8fe22ecca5e564782b314100e6b7af69a3640297,32958c54956ade28d9aa076494025a3de904c3a4,23bd100ed1b8a842e350d0ec55b89cb6a62d56cc,a66c7b288bddb63489e73fd1acea3f9b09511ec4
6116893073272919689,3.1,False,A Tigron's Tale,Paladins_Version_3.1.3487.7,2da7f303755eec35966589bf8c8e0f8f1498d965,e3155e8cbe16e85ca743a8c18c458c686ba8717a,42e1306826b626304c127a64abc04c950f76bcbd,8fa1437f175a4c250fd1cf7836d7849ff6fda650,9ca55911ba026b55c401825f3aa6658a76f4b4eb,3a693292f1b7df25ede017510d32b1dc973c9844
7314480097271884739,3.2,False,Sands of Myth,Paladins_Version_3.2.3587.5,6a0f4c30f5aa04a84570b701d9cc55551a078690,707942474b155ff53bb81a3a7fa7e20b0923879b,8fe22ecca5e564782b314100e6b7af69a3640297,32958c54956ade28d9aa076494025a3de904c3a4,23bd100ed1b8a842e350d0ec55b89cb6a62d56cc,477eb78336b9d7053aa1f0f19aa82b2e376c4942
1256178514038783438,3.2,False,Sands of Myth,Paladins_Version_3.2.3587.5,c62e71090d7683119ed9ae2d882d047982def196,cce00ab9166707c68878a16a2f3b3956f4c0b87e,42e1306826b626304c127a64abc04c950f76bcbd,8fa1437f175a4c250fd1cf7836d7849ff6fda650,9ca55911ba026b55c401825f3aa6658a76f4b4eb,dec8e067b168b3139243d885ac221809e6bcd3bf
5643530014438111390,3.2,False,Sands of Myth,Paladins_Version_3.2.3587.5,37016c41397b11d113208b211163e6ce2122ced4,2b46a52c7388de3a7b078a24fdb0086f87841de8,de8d00eaa410a9912ac969993c6f69332cb8e4c7,faf39011f5255c4f231143362d50bfd308aafb7b,682e60e163697f2aab05096d6262db802bcf75af,42fea1643dd56c33173a1e507ab69bdfb6ef3833
8244981668258196569,3.3,False,Darkness & Dragons,Paladins_Version_3.3.3657.3,568a95b00a3c71ff4f0d663e896bbc79213de588,24100ebf89378627daa132527934e69f24749bd8,42e1306826b626304c127a64abc04c950f76bcbd,8fa1437f175a4c250fd1cf7836d7849ff6fda650,9ca55911ba026b55c401825f3aa6658a76f4b4eb,1b422adaf901b69e4ef13f4d985e9abfb0939d9d
648543515993987870,3.3,False,Darkness & Dragons,Paladins_Version_3.3.3657.3,1b95442651e2712f19b3891899d674df2163d479,0c88dbd281f5dedae6d27588c4a2dce734953d44,de8d00eaa410a9912ac969993c6f69332cb8e4c7,faf39011f5255c4f231143362d50bfd308aafb7b,682e60e163697f2aab05096d6262db802bcf75af,42fea1643dd56c33173a1e507ab69bdfb6ef3833
6332315496047429755,3.3,True,3.3 Hotfix 2,Paladins_Version_3.3.3661.7,bf236bc8f4918834efb06cc251d4a3f488ef5fd8,b5444a1b6505e4b82ed889a9f3d939ca0d51ce3c,6b54aa9ffd9682d70ca582740c25d75cb89e55ce,efe9fcac79876f5c27a576ea4026d863d9753783,682e60e163697f2aab05096d6262db802bcf75af,feef2a6ed09662051e7915117bacfa1c208491ea
2570649791402325697,3.3,True,3.3 Hotfix 3,Paladins_Version_3.3.3661.9,8771c0f69c809e086de8f27e6d7534517d449488,f192bfc0d8a562c84fceee928f6ef0f2f6eb51d7,6b54aa9ffd9682d70ca582740c25d75cb89e55ce,efe9fcac79876f5c27a576ea4026d863d9753783,682e60e163697f2aab05096d6262db802bcf75af,feef2a6ed09662051e7915117bacfa1c208491ea
8737487855516698527,3.3,True,3.3 Hotfix 4,Paladins_Version_3.3.3661.12,aeca5f25623740a74ac1fab9a67cad095713ce20,027b27a95319d0e9b33db670dd902c6128a65110,6b54aa9ffd9682d70ca582740c25d75cb89e55ce,efe9fcac79876f5c27a576ea4026d863d9753783,682e60e163697f2aab05096d6262db802bcf75af,feef2a6ed09662051e7915117bacfa1c208491ea
4373266671509007419,3.3,False,Darkness & Dragons,Paladins_Version_3.3.3657.3,8d9e6b613a0f831cee6e709e59a3a843d866d960,4696f8db2d5f9650cac73eaa926ca79b849eb345,a212870a58ad47d368b92ad2f21c4ceca3170053,28e3f3f069dfa45af98c5ce6c86d80c010e7231e,9c25b411a7c8761277e438d71224c7da8be5616e,6adaabc816bc7c6c50c75828d8d79cd07c20eacb
4914020451868662627,3.3,True,3.3 Hotfix 2,Paladins_Version_3.3.3661.7,41e713ee84f579bcc1559ddcce37286b8f7fb69b,3be77a9850370098d44c85837e4d4598b5ebba44,62c5a1e27413acbababa230ab694b3ba503ec1e5,468005dc58d6bbe1b8a00be963b7b97f16601d66,9c25b411a7c8761277e438d71224c7da8be5616e,6c2083859886e14db8c800f34b821504195735d7
2246757345858240414,3.3,True,3.3 Hotfix 3,Paladins_Version_3.3.3661.9,2bcfc8044d43ef3d42aa465e3109ab3ce4ab01ce,f05aa56665516e7c2abf7e8b2f20e102a39a32ca,62c5a1e27413acbababa230ab694b3ba503ec1e5,468005dc58d6bbe1b8a00be963b7b97f16601d66,9c25b411a7c8761277e438d71224c7da8be5616e,70af53d4c2786701507fe8c5f4795e5f79003e2b
6444527824822525184,3.3,True,3.3 Hotfix 4,Paladins_Version_3.3.3661.12,bf0f72c98f910e2ae28715512909ef97e1d299a1,e541ded03bb651d87b49ef219d8c3f03d4190d02,62c5a1e27413acbababa230ab694b3ba503ec1e5,468005dc58d6bbe1b8a00be963b7b97f16601d66,9c25b411a7c8761277e438d71224c7da8be5616e,1e9b63a17f4556c58393c187190405723f44854a
2215049597028102807,3.3,True,3.3 Hotfix 4,Paladins_Version_3.3.3661.12,9c28bd9fedf5dc9d26e8fba9fd1a019a2ae399e7,a9c9b97ba3d1bcb2e6f687c1857811fdf81a34fe,62c5a1e27413acbababa230ab694b3ba503ec1e5,468005dc58d6bbe1b8a00be963b7b97f16601d66,9c25b411a7c8761277e438d71224c7da8be5616e,1e9b63a17f4556c58393c187190405723f44854a
3300252441729716597,3.4,False,Radiant Stars,Paladins_Version_3.4.3767.9,85f3975a744170dc32ff57ea2f496c3acf7050ba,f6f4531b9613cc5a79fa3c723c4b5440a254391b,f7c03989a5b9b2d22ef8cb055459f814dd0dc505,bf2f458915beeadf2b8bcfe9a4eeeb3046d5bade,d6c23ac4daeef0242b671bd9d752a6cb8314ad6a,eb507ee178cc568035e382a6b7c0b45dc91a1d16
8268211321498047402,3.4,True,3.4 Hotfix 1,Paladins_Version_3.4.3767.13,2d395818e7f0d107ad1eab4d1709dd299133053e,9dc31eda4509842e9aa0f887443809adffed9f6d,f7c03989a5b9b2d22ef8cb055459f814dd0dc505,bf2f458915beeadf2b8bcfe9a4eeeb3046d5bade,d6c23ac4daeef0242b671bd9d752a6cb8314ad6a,93d8cd491a77b9d0fc0bfc5edc2b0ac58a159dbb
5376337349870200501,3.4,True,3.4 Hotfix 2,Paladins_Version_3.4.3767.15,a31654f508a23e73269efd8cd87d97d2e3842a00,b388e968fbbcf7a22ddebe4fb63e695c71b8fa20,f7c03989a5b9b2d22ef8cb055459f814dd0dc505,bf2f458915beeadf2b8bcfe9a4eeeb3046d5bade,d6c23ac4daeef0242b671bd9d752a6cb8314ad6a,7271f9e62f19f8613f23a526928d18abb8dc1ea9
449246604289371448,3.5,False,Vora's Pact,Paladins_Version_3.5.3881.0,8688eba7a9aa95c5c543609f2699f606c39a2e04,a5fabb7f023c7d0659117e15a816c075917058dd,b6e35e1371bc643c1b37185e7b07dfb598181842,a2dd50179f65341cfed16199deee589fa7b063b5,76106868b41a05c41a2b9d18b3ea592e7da2cca1,9ebd9c9600f59c287915d191c55ae13bacbbf143
2183617122279473032,3.5,True,3.5 Hotfix 1,Paladins_Version_3.5.3884.0,8aa7954799166da37e9c5eb4a6b2dcfb1e739b11,2e380cf848ba5d36c2994557c629fe9d95264b32,c8417b9f2565d76cd1c30444461338a463d3e289,c7f090aac25c10804793b70643ab79a095d02226,76106868b41a05c41a2b9d18b3ea592e7da2cca1,d5cc54ed55109766dc898a1e62c86a126c669629
6820316466529149712,3.5,True,3.5 Hotfix 1,Paladins_Version_3.5.3884.0,9d789812ae8233a7738b7040e0479a6df5ff9f46,b66f292a735ef7f8580bc25a3e1b48675a924046,be3a30353b565a82004c456e3ba57e99adf5924d,57f4d153fcceda14d077349f77e22a5ebafba768,c7dc7e7842a0c478d4154124d9588d1cf37dcb4d,84ea2c8e1b419ee497e861face1908e6a9464ffa
5145254898653829603,4.1,False,The Eternal Pyre,Paladins_Version_4.1.3942.2,0587f119be7fb58461d4254bb80b8dba52df4363,f339eebc0f33d433de8ddede80d371893307d67a,349dbaa02cae6ee9aa2e61054d5b4ebe6da7f1ea,ddfda0729cf99b525642cdca12569941a4d1b025,f96370bf969dadc108beecda386f05bccf60a9f9,27ba05aef9c0db04d295be8ffb2b42efee8a2f30
5281345073966419204,4.2,False,Calamity,Paladins_Version_4.2.3983.0,316e2efc1d248fb405503a3639b0e1287e9e6893,1020f4fad2da5d2672c46859e76bc5771f01571c,9f6ecc15ecc2187557b02513d6b5efbd0934a8f1,5314b9649f5bdf75b4369da242ca303b51a69def,789b3fef9ba5391887b8db7985cd5e5f99fa0c98,f6d40ccd7434298393d679ffa881b8dce28503d3
6580661396445652590,4.2,True,4.2 Hotfix 1,Paladins_Version_4.2.3984.3,e87c9a142ad64a70b5588784f4d42e64633efb27,fea69931b5de92878cfe94d56ba817eedcbbddbb,61745dcf1af45bab05519c2932d8f006ee95d63a,735fc773868b3fce77ea5aee42370122af40816f,789b3fef9ba5391887b8db7985cd5e5f99fa0c98,98fc09626fd5435206849829aba8186f4df76bfd
6979870707514733706,4.2,True,4.2 Hotfix 1,Paladins_Version_4.2.3984.3,b80b7fad7a14125e8f19ad33f30c57dc6d2c0733,1b711b6d61dced3ea97113c62b475fca3c03c6f0,31e276a2b2c3f3f8cc84ff558077e0e8c43a2374,a8233f7ca3576fddca39bd3ef16e21ced83bffa9,789b3fef9ba5391887b8db7985cd5e5f99fa0c98,f93d5938acd6ae7df0285d7a24407312f03b4b33
1592876482391677137,4.3,False,Indomitable,Paladins_Version_4.3.4031.2,36b3c625a9d2fc6d3b6652eee8a79839a1f6f284,e90ca18fa371c2b06d168cbd1f069004c4fdbc89,88212bce9f320de91c31f4deabbc2b391ebb8c75,b185c4345583464624ff954389e4f5ca61b5d64f,142ea779157a003710eec1d2dc37ba45e1611662,913ab6311b50a270d1755b4a5c2427bf58888192
19534460755489012,4.3,True,4.3 Hotfix 1,Paladins_Version_4.3.4031.8,53a776a6b73e44150b2632566546cb839f2124a2,1d725b8b6227375d4b57262fc6c10b43d6cb48dc,b9593d9e2b7e7a50865b40d28e954a37e67fa4ee,3c101d349cc620723939182e67b6a812536df42d,142ea779157a003710eec1d2dc37ba45e1611662,32adbf03f895fa4c0d344a2a58b6266a5ddd790a
1354372297864720636,4.4,False,Shadows,Paladins_Version_4.4.4098.0,c4230f3eff6559aa1bfc29c2a2772b3deb5db902,30b29fc225d6f66474eba2dd164cbc3167f4df91,8a4c75fa375a20ff6ffa1aa30695c8953ccecb1a,249e72410cf18e10f84cfacb03b18eebf06e03a0,c4ba87a7bf1c1d127f13c6919b8d5f96ae48697a,7ab6f5a27400fe11d9122dcf1e9d5fa232282601
1637490650286084459,4.4,True,4.4 Hotfix 1,Paladins_Version_4.4.4103.0,04cc6339c117cbeeefe885817a8f6607da0825d7,7e0b8d8cd16830a7dfb0fc8c5f0c2d9eaca7f38f,b8753dba9ad1c1f289d4b878f9e7afb94ebca474,8c334936363a779a43a05fbcc65e4da3f48759be,24ea21c9c5001fa41e886c1d0a34203c42f5c53f,43f63e4b1973b1080184938634a1bc5d20f838b6
328809153339596178,4.5,False,gen:LOCK,Paladins_Version_4.5.4175.5,e7f77cec23ec679e98a2ad19de348d9319cb4785,b9bc68324a8eb0813ea06c3f3b65a09a3b4d557e,b069a115a0c3f43739e6689543d0b55be257d2f8,b7233864ce84737ec8ba2362e540ec5710cd80c1,6264c58587b673d9e8b85b8075eb014836533fb6,6040a4827ff1f8ee5e6a2b7c0fd24394539bdb75
3485255216347761654,4.5,True,4.5 Hotfix 1,Paladins_Version_4.5.4182.0,d7d5b8a41666aad073e634ef8e8c6c46215c9b15,25fd7f250914f0bfde8c4ef13b994effc7e8e60c,3aa7b3456d32418ebe32bd3cdafc351fb9237be9,cdd48d23a39b412d7281724ed82dcefadd96d95e,105d2be6e7cfc51118008b65788b1c100d67390a,e1a15c2cc683839adb8fe2edfb67e2fb06422a82
7314677438240068026,4.6,False,Trickshot,Paladins_Version_4.6.4252.6,793def95d4b7d3c04a229c9bc8193a2e7b8b515c,be50a08aa54ad32bf46b950d4df00a33bbb19aac,810ab6b66e83b0c8e27eb2633fa9e23d270a4bde,9c2e41f976028fbbf6249cd4dc09ee0b07d5f12e,f93d6fc9197367c4d12f87bd410ae113943d16e6,6a14cbf5813a0c61f40f93eba90330baa51ff798
7497953957505156899,4.6,True,4.6 Hotfix 1,Paladins_Version_4.6.4256.3,7c840027b08106ff74199eca2174b25bfa7314f6,2808f064c169c44aa938bdf0d216975bdf7c5e0f,d8f1d9836d188f5d22f5181b632840d0bc2867c9,9834002a31f3b3b88c6053606ffe5651a4c571eb,f93d6fc9197367c4d12f87bd410ae113943d16e6,7ae80e3a00726e5da44abb53e42d9b18e3839767
6434325625182370978,4.7,False,Absolution,Paladins_Version_4.7.4327.0,c290dcbf4463599360f9fa3b66c4b292412479dd,83aaa4618f13e113eba3d76cfed73e051dc8154d,39c239bd526d82ba2eea3f95dc8a4215899d6656,c2b0a8141b7c714ecd6e65584bef860c108e130d,b58aafb5d6830f12fcab8290a3564873f64a4fd0,bc4cfb61e9a38099d97fa37d0535aa6bc821c758
5349980613665361160,4.7,True,4.7 Hotfix 1,Paladins_Version_4.7.4331.1,75f4d1322f77612ae155d0914e21591b0ff170a6,20a8db2d8b75ff61b2015ef026de30609171a505,ca8950e41c2a7ae3c772b8bc5c252e0d98572cc1,8fd368ab4920f479f5fbe1d8969918b02f608b15,b58aafb5d6830f12fcab8290a3564873f64a4fd0,6184b365193a3315f7ab7d69f55ed2ac8374ba3c
4122113729172538320,5.1,False,Schism,Paladins_Version_5.1.4424.0,9ffd2c23a3ad800970045c37fe05e64ac13c73a0,f64ee54b647954a4dba81056330dfe81fa417794,bc609e7f9716a852111416d090ee1f2b2d13bc47,32ceb8e212b13b580c0fa672229d45181e343dc5,6a4092d58285f05b7d44e1ee654cfc5f1de16831,5da32268eeb5c922d2d9e8c76f5f0eea26b9ed4d
6990545201869987521,5.1,True,5.1 Hotfix 1,Paladins_Version_5.1.4433.0,84fe5bf303c6b65107432fd92ce79a6e2f4e1267,129fa6a69e763c753ea6f23c3a526a44b6fae9e8,9bed35e1097891f5f6bfaeae4faf16be1ca6fcbe,4cb05ec02c71f9a3a9315fdd0c95f16c246b6187,e7ae6350f7e4340c58a8989db037496bb6064cb1,d767e57c604cf914ae2d9108355efe14ec6463eb
5675549919611557188,5.2,False,Monstercat,Paladins_Version_5.2.4520.0,5af46771985617ffbe0d66601ce79fd6202b2b61,a4480709504c56284cf75aa22b4e3f53fad03e25,7929df3331ca4afd7dc3e5b0afd5c452ae94e636,472110200b7090a64b4cd53f867fd13e3f391c1f,54fccb5a1ebfb80d4a4549b7de8d6f372daca92a,40daf7455be7422773320932456cb0628ceefe7a
7895140511380206967,5.2,True,5.2 Hotfix 1,Paladins_Version_5.2.4522.0,386ff5e33b1811faa3c94160461a44f832abc07c,8ab0a06d6218d73e3efa38af31e97c24a51665f0,5224e7adece9babd60ccff735d489004e4339dc8,a56fd333ffbec327c05d72b4c9601f08b68ce48a,54fccb5a1ebfb80d4a4549b7de8d6f372daca92a,746380ae020123122ef6d96105a46599441b5b0b
4577907206865129846,5.3,False,Heart of Darkness,Paladins_Version_5.3.4597.1,c7dfa9ddbe602e874be8f33f26a23c3474250a10,143b4e346293c4c4b76e6fbacb00eb812c2e8d04,34c6956936cd55038e74a2bf98f4df86d69f27f7,edfe3e6a4a752feec68d8ed34c94a64e09242c1d,7026f27e1ec32e90b7fd3bb673be51fe1b645c52,0dc32cd1de2db9e7324f55e69a8e656bc52e6f8c
6982839323893425974,5.4,False,RWBY,Paladins_Version_5.4.4675.4,59fdea40f17797d8d5e0f9624675c440bf999899,9d6e83d57012756b733b2bed068212acd7f8eb74,04afa2ecf63226f0b3b76330d273bffba61ae214,e58e3046d7f0f0dfa0dcfc1b9d17006303e2f760,530ff799284510f44f4f80471937cc2c60963902,d372d2f14e60793d75c6df4ecd71e238b7a1011e
7963463582624121846,5.4,True,5.4 Hotfix 1,Paladins_Version_5.4.4683.1,ef3041ea45bc0103fe9e147c2c229a9cfa4d7abf,0ba01a9953402994a700e6eb3fd02f5091a39564,45d5c0af86569b7bcef030f66d23ac066a1fe54e,7d77ac6c64de3785b4257ee694080209d3c6e4ab,666ff7ee866669476868326808bf6fcd9d05ebf1,c4dd3c9291f53e49a892c6cf9ba798c66c775d38
5097344396250239229,5.5,False,Constellations,Paladins_Version_5.5.4747.1,995ecb1873935f40f17386ccb9fd5694fa4080c5,ef8524e25198a8f442fe30c8788939b7e6b6b40d,1563126a0b0e1e2d98983acca9ef9fe30d9d2e0c,f66ac5a570f76fe46bf3b72fec83e283d30f49b4,6e43417d1367b9f6586062307473de9e9da73156,57f452a489beeb347e0826841b71ad3863d7cc15
6558178249622575162,5.5,True,5.5 Hotfix 1,Paladins_Version_5.5.4752.0,2838c8b809a9ca935a05a63454b8d334edd61615,0c1f125d682dc3819943df8dd167b9936558dfe8,1356db8cb4fc5bca6cc0b589941cb6621dee70c5,1bccf9d5a0709de7e6296375628f4e1ced7a12ea,3acee76667a7bd7bf3ca9674d79432a74a13fcf5,a5ee51f099e6285835d8c463942ccfe5e815b468
6240818396102007832,5.6,False,Last Remains,Paladins_Version_5.6.4848.0,e60d76163df2ec1ec63c54c52bcb83d3caf7ea71,09d2b83a43fc6c035ab0d63b781ad81b8b4a7704,a0b04bfbe2d5995a0ebe341eebb19a9ca1d3fe5a,05fcfd534e6696e4ac6479ca6be243c4b284e70d,2852678cbb5428fa311012c92c6f1690f56a32f4,3e51fcabfa73d686066683e792ce24a2cf4ff99d
3543158372271047032,5.6,True,5.6 Hotfix 1,Paladins_Version_5.6.4848.2,e7ae47e248ba8ecb417cb6de39f4f1fd05be9dcb,94b58299098560aae8fb77b6ea0625e949eed4ea,a0b04bfbe2d5995a0ebe341eebb19a9ca1d3fe5a,05fcfd534e6696e4ac6479ca6be243c4b284e70d,2852678cbb5428fa311012c92c6f1690f56a32f4,3e51fcabfa73d686066683e792ce24a2cf4ff99d
8659163281104109006,5.7,False,Dawnforge,Paladins_Version_5.7.4941.1,014d560e06c973879f58a78b50bfb92974f75f4f,a28aea627b814d1ac1ce35d9bc37cb71ee7cacf9,6f1f9d0b8a4d8320306d2ca69793ed412285c950,cc71277db55af03a9687bc934c75816e69bb47fe,031b91f8f2fafb07f8375351ca6b25475b18d992,2be9bec8f95bb33eed376d63e6d7de5d24ebf63b
8838044822070471751,6.1,False,Emergence,Paladins_Version_6.1.5079.2,859d67e48c2fefe7044bfe4e4154ec260bd72504,9020641fdffff832886fed48b70483ebf649eb2e,f95b22a358aae1c2c14565ac4644f605b85ae617,831d62613acedd8c49d7d02ec8459b1f4cfb9790,15330d3875114f35c6f7bcbada54bc42448bba8e,3f2debc7287159fdfbcf1af1c58550d861c7039e
5551513277002467503,6.2,False,Emergence Community Patch,Paladins_Version_6.2.5163.0,0ec5dc7744a583deec20bef8bd22a5d16eec513b,23a101a6b98649c7e07a0f12076c139bd23fcdb8,f59dcdcf10c4e8303c8c832120dea3e0da39f86f,1dd90d24b21a2f7074fa849b5d0624b3fddf1777,417e0e5f09d9e5adf6c6fade6412f434e251fddf,ed328b88ae17cb4fe2f0c17b080744ddf37b5422
5333026682510592444,6.3,False,Midnight Masquerade,Paladins_Version_6.3.5218.1,16033ec3c22d13cda7488ab5803fa982a9b855d5,ea594cc074ab65fcc49564eabc9070b5bb78802d,aafe41d2953c981c1aceb6f59b56e1d36646046e,0c0b9e5943a1f43d9d4cc3111d53779b774153ef,34d9c4afb5439847a29d397e80d7b43d1b9ae093,2e7b5d44a828f99866e4f3dd2fe5636375f8ca23
4407404934233361875,6.4,False,Anniversary,Paladins_Version_6.4.5302.0,066adf03295cb464cbd84cee9c5c54f370d77d16,b4a9db850d629c91d9821825f358f4c14711f1a8,5bc9adbb690f4eb1b3a745e2fb626e3309a027cf,478a62f92a729f986d1721659a5f5e6a9015d62c,58dbb4a4e9af12695ad451a75316e8c8146a2bb6,28a4f152891870d00ecf020a122c10d2032533f6
3036170076376180474,6.5,False,Desert Omens,Paladins_Version_6.5.5375.0,e4d8750f1b3bcfff27a43b03cd38497189fce9c6,3806d5725056f8390b1a18f07e4932cb32a5412f,19f1bbd30f9465f9b47ca6f936e4d6a8216a6e93,72f499fad23f274accb97d02c6dafb71e5a23dcd,d7c1697bfa4d55555908f7c2bd7b04f3abce93bc,5f362fe82ec89d805f88c8cc61d257c4f693302e
7376663819160160950,6.6,False,Valor's End,Paladins_Version_6.6.5485.0,38533f93950f9ab09148c0257161be6ac2182303,11b2baccd5b4075ba69b95ca1eea92073cf10edc,8168606840afebb95f5b157685ae0f137cf90211,6964ccb7f70dcc8f8ec87713b33724e3c5fa39e6,e503a865c08928ecd0274f9ec4450e4476f4cac2,b3da53edae7412489f6f5e7ebbbccb1673f6c571
5256829808777680385,6.6,False,Aico's Vault,Paladins_Version_6.6.5488.18,172ead0ef37131ae6580593c8ef5cf2063fbbb52,b01c21970410bd0b39af411480ff3a7d964e8fcc,a03249fca8d60879861f14ed3c839d4325fada76,a4e40b8b4645a1796015b017221075b8475a2954,545f1b85121c1f74ec25ccaf76a5c713f51341fc,60a6cf4d3735aca16f0cf2955a6338473433bb1c
6429839518194550251,6.6,False,Valor's End,Paladins_Version_6.6.5485.0,432234845c73c36dea1bfc8742ec4f9b2445970d,8f11ee6b26301f549497d0c580480c74cf873487,c02e1d8b175d596245108d5ead14d3522181535b,9c69daadf83d4abe30f773daa739a6d28fd0879b,bd8fe4501bf8e94759e1455c8ccda52c6ff851b1,60eadc5b909bd904d8ca9b90230853c5161d2fa5
8353804094983696440,6.6,False,Aico's Vault,Paladins_Version_6.6.5488.18,77802e5e7ca6b7267fb7546bdfa0dd5fb2770c3a,ef05e4606db90181acacf5bceb0eb138d7b85bad,23128ea90eabbea9d4cc37b79e18ad2c4b5418ab,8f02c436f12ff4f1747a9e14ee88ca65c520b965,0339d2f208ec5ff7d8d2f626e357353aafedda06,5c174f6c3672e23adb7f83f2ffdef8f9c9c91a52
5604333451589750395,6.6,False,Aico's Vault,Paladins_Version_6.6.5488.18,663c3e34ec2812396e7d35c6fdcf62c45f6f3879,de09bbc4abdb4de71ea3b56debc65eadf29f8940,be10252f2383ea3e90eca95c83db650ab8556738,953811689941b626fb857ef2007c6767faa2284b,51295123afec75e166756d759171afdfe3b1acf0,a4c175a51414729613dda114fd09695be44aeed2
5903523597678624247,7.1,False,Wild Hoard,Paladins_Version_7.1.5572.3,59f58b40ae12aaafb125d6ff3507a30c66ce9e93,adc0b58fd6ce8f09f55fe85530f464fc66cdab57,6902d36667f2b087728fe0f6da93faa2e3a86f1e,56aa349500f7d04fea73c34c3e0c24467ca9cc51,844a35047dfbbda3475807467bb7dfd1ce8f7992,cc4ae5b29ac4da043d604f3addd2277df47558b6
7052143020013769773,7.1,True,Paladins Version 7.1.5572.5,Paladins_Version_7.1.5572.5,457c3d03f02c50ee3ac4230972b94420a663bea1,7f1c920ac4f4ce0779271dd3d8e3fe8dd04b7dc4,9895661838a3e3c2f26280ae22b22180cd82e9c0,e2a193822650c39cfdfba280527a675452e300ca,4a3cc8ea57dad61a42cf787a7dc37b4a7f3f4fed,7fca74ff46b3320830073f9bcdd4f26f8ce8600f
8649875152835906491,7.1,True,Paladins Version 7.1.5572.5,Paladins_Version_7.1.5572.5,87da41a6e3c4e5df1a8be1224d7058161e85f976,a341abc560ab9600c73c627c10b8d79f7bb97da9,90ee47bb5200afb3282f3d88c9702f47a6a19d58,9ecca102cc824f341cd30607ed6776afd01e5a90,c925cf396b3cf6f9d5cd38915f06da45a262f4fa,9c8b561bd26d0077991db39002f07e94af7beb20
2468238634088616173,7.2,False,Banners Fall,Paladins_Version_7.2.5606.0,8f6aecb1628ae30ddbcfe71adbc4dc23ca5095d7,52484832fa1cddc252b656ef6b26e8b625b0f01a,4dfd30d74e0f7ab642d8564eeb55ff69b8b4c3bb,cc757286e7b80e94b4ec4f6702241387e942bf93,8404a0cef9a205dadfcdc22df1a66505e11bb2ea,55f2a1d5392da766e07857352b042f059ffc5def
8705349433790619600,7.2,True,Paladins Version 7.2.5606.5,Paladins_Version_7.2.5606.5,a48d3be96d86333c1276021e0091c86fccd8ae1f,d4966809faa68fbd9625c0140948ab53f009c2a2,8b16ce732f92232ec5197ee017832c5ae3ef64e0,ccb04a65b85da3c28928d0b4427daf422c701b5e,580b6aec24c6993b9c89a73b46c20cabd8dfcb9f,c4fd60715da98b7e7b4818fea0e704a8f5059f78
3163845530789373116,7.3,False,Feudal Fables,Paladins_Version_7.3.5660.0,65cf80e6bff38bd1bb9dfe1b7a2e65cdbc52f985,d7f43809511972b33e1933befa30e655d3752634,12de363c9dae7b76ff0c97a3fd0cb50644d50b43,454a15f8bb7cda5df43b38f4699573c4c1585d88,c0c6636942cd121bb2fef968d99181fc4c6f0410,1be8372b2f9bf0686705f272ce6c995da50ce360
5122771419408083420,7.3,False,Feudal Fables,Paladins_Version_7.3.5660.0,f072bb08fd9267f1833b66dc5195f09b223838b6,88d3ee6dca5390f1d8e19d7b4115e569e1e6411b,d9389a3257453f88565a0b40a4a6edfd28f529e7,1600ded5da1047add1cf043f4e02edf6e16b0444,45888a8f85bdfff54266629276a19a93fb4245a5,0430564a2107022441f8d0b750ed88856946892b
478411502580646899,7.3,True,Paladins Version 7.3.5660.5,Paladins_Version_7.3.5660.5,479e0db599b21f3f5584fd2e24ebe8c2f456e2f1,88a922653e140484115282f38f6534ec32ba90f2,72fb2b67d5da73aa41a48baf2c285c0ec88bd85d,d1525ea58f6e47c6349923a1d7b9f90d09af047b,38ac4d8083cd15cb29b4d5807f9b248c84b755a8,443397432462109dfeb83ff324d40baa7102db59
4678450434508041480,7.3,True,Paladins Version 7.3.5660.9,Paladins_Version_7.3.5660.9,fbee7c33055542daa3386431c316e3c6a42ba7db,f3182dbf8cc9cb5d96264f3b13d798c725cb1316,c9ce59fe100a9949fb683de6191b06d1e20f196e,82000a0e04e5df088a91739fcec3e835969fa1a2,7a6b4de3f2161e31f1d084dce326767c3ac9c8ed,3bd01ec63949a19e0fd4fed0de166eeae7ce7052
7340166264704352095,7.4,False,Tidal Surge,Paladins_Version_7.4.5703.0,9d30144f559efedc9befc5ab339aa2b0ad1b6389,c6cf02a231e3be6791e4f9e5bda58a0132f1a14c,b94e99874d9961fba58a13808351a2f84004cabc,3a32129323fcd2da3115d7f3d8aa6324094af79c,e4375f558b14784e506f40bdcfdc8973628b2119,902e75d6e85767423ecc269121382f59e5213d3d
8442779548279354640,7.4,True,7.4 Hotfix 1,Paladins_Version_7.4.5705.0,bf67dc1097ecad2b6587353648236d5f4957e551,4e4ec2d82d5557674f9acabcad2cb16478488e31,603304669666b38deb759fbc560fdef0c47c814f,f84e628f677f208314ea44cf536fcedb45ae6956,5d12e04bd9e92458839da017ba809363dc5406a2,4a78d994320d55342cb1713423f1f467b91afd25
7389289007508403896,7.5,False,Reality Warp,Paladins_Version_7.5.5729.0,22aa3915ac75491d719c9772a149e5e302ec73f4,96d7bd63ffbbcdf0ce03c6a647ede3d4e03a4766,d84e9026ae93596af5a0f1cb92a3ca4344379030,cb10bab3ceb429a0940edfa490f43941a092c2e4,d68dc0834cbdaa99adb9619ba5dd9d9a32b7cd7b,05fbd78f6e8f3a5700c950d4c8d7be77fe101a57
5901489885744780980,7.5,True,Reality Warp Hotfix,Paladins_Version_7.5.5731.0,3f03f2fd45c9d12b35571852e76d777e5178e639,074e45894a9640cfac8695bf74a136a3f4310eb3,a58f50b80a033ae728b38d07d5b365fadd85b43a,65014e175e46ab527a6e2350b970c626549ce2c2,0bd434fe9e528a4f97eb596cf58479be401c9138,d5bbbbe2ae56009060b3c048c0ec5027e9a74c34
2703950180281558357,7.6,False,Street Style: World Tour,Paladins_Version_7.6.5773.0,1543401d8e2ad20cd5757d633909289292a2c8ef,285415d4bcbc64766c7ddac105cf9c214a1b338f,e5bb255f0f5eb72fe27f5c8fc8f2d19c2dffa063,b974070ffa68acf6a15b28595d3ec48575f1183d,6305a34e762d00cfb6b39412d24556ae7f50461e,a1309973074c1035d99f023ea9f39c7a3a7892af
3175795169635208443,7.6,True,Street Style: World Tour Hotfix Notes,Paladins_Version_7.6.5775.0,584e7daa0d8402dafd4b16d8d8f7de4a6d31a248,8d4f92143dec84a5167b37d649d742528a0bd175,4bf92d87445d3f94e3b20c05052c4af56af58312,abda642bc96f75afc89b4aec4d255f0dd50bccf1,e58d9038db47a18a98a38b771f343b5e7fa5cd06,5bd71894851dcb2ff0b0cb86e3a7481883d03acb
4843147848299520780,7.7,False,Ska'drin Celebration,Paladins_Version_7.7.5804.0,9147fd660a1564bed071ff712e0766f0a1278e94,8549fbd4ad01b989095fa35a641cad49b1ff9cdd,09c77d37534c74c4d375b470fe0ba3a29327fd01,5b507df0bd375ac7c2d4da0c9aa0f84b20e02693,1c6dfadfaa71704045c959bbf997a48a2974d0d2,52ec412d2530ed82d0e9a133e6f4ce4fd36c1ecd
4453595700171469293,7.7,True,Ska'drin Celebration Hotfix Notes,Paladins_Version_7.7.5805.0,220da2830f8c1f12a04aeababc1317c8d21d0812,d57c7a5130af9b601dfe47f2a321bd0120098222,fc23d9fbf23b659b82882a795f6f731804d1e913,ef0dd24e37fe1ddfe6c85b1b25ac693fdafb09da,1ef52bee1522aadee43b86b79c909658248117ba,9e3d620e2e111004fc4f7c0a82ba8d2ffc9db745
394610858283466315,8.1,False,Wekono's Wake,Paladins_Version_8.1.5838.0,4a7ff5cc14b74321ebcaa1f9cacbeee03c3c2c4b,bebc7e2e21e04a391cb81022775d7d9d777f6bf9,6bc071ad0e849f054c50e0dd3512ebb324d4bc6e,073a14b728d0f3748ad28ba94a50917342c72696,c7725c4a4f6d77ca67d8be8bf077f61506ef9607,ad10a451c63e78b041694450ee6621956370c18f
8375037790896893010,8.1,True,Wekono's Wake Hotfix 1,Paladins_Version_8.1.5839.0,1a2e23dac37104af5e10fd4713227a064919d4fc,c14afc00f03dbe1264babbe55a9f9d002b6ec916,2af00b1e8c75bbb3b03c8d71335c2fc3a562cafe,6cebb5e2af923a97e3a7763faf197949ab9ed2a5,9bc8257b9ea77c2e33c5320a7b99bbda2312facc,78345f9cf12a7318477f3aac47c7ac4d6c712296
